municipio;regiao_administrativa;regiao_governo;populacao2017;pib2017;pib_per_capita2017;score;ranking;tarifa_agua_norm;tarifa_esgoto_norm;atendimento;coleta;tratamento;inv_per_capita_norm;perdas_norm;desempenho_norm
Urupês;São José do Rio Preto;Catanduva;   13655;   390043; 28,564116;76,68404;  1; 90,744102; 91,69279; 88,99;100,00;100,00;0,000000e+00; 89,9452717; 52,100131
Vista Alegre do Alto;Barretos;Barretos;    8335;   353695; 42,434913;76,43109;  2; 77,495463; 88,71473; 92,24; 99,12; 99,12;2,059774e+00; 79,2287132; 73,470015
Taiúva;Barretos;Barretos;    5603;   116073; 20,716223;74,93938;  3; 95,825771; 96,86520;100,00; 97,69; 97,69;6,420481e-02;100,0000000; 11,379866
Taquaral;Ribeirão Preto;Ribeirão Preto;    2823;    38032; 13,472193;74,66013;  4; 90,381125; 93,41693;100,00; 99,32; 99,32;0,000000e+00;100,0000000; 14,842970
Dobrada;Região Administrativa Central;Araraquara;    8744;   117041; 13,385293;74,14633;  5; 92,740472; 94,51411; 97,77;100,00;100,00;0,000000e+00; 74,7359043; 33,410121
Sabino;Bauru;Lins;    5549;   118111; 21,285096;73,61050;  6; 84,029038; 86,67712;100,00; 81,47; 81,47;0,000000e+00; 97,5054092; 57,732473
Ibaté;Região Administrativa Central;São Carlos;   34226;   915873; 26,759569;73,46261;  7; 78,039927; 88,08777; 96,01; 95,88; 95,88;3,273528e-01; 99,9236350; 33,552177
Igaraçu do Tietê;Bauru;Jaú;   24596;   299508; 12,177102;73,30593;  8; 86,751361; 89,96865; 98,06; 96,13; 85,74;0,000000e+00; 99,2745323; 30,522921
Cerqueira César;Sorocaba;Avaré;   19495;   753006; 38,625596;73,25622;  9; 89,110708; 91,84953; 96,09;100,00; 74,06;4,165128e-01; 81,8123966; 52,710589
Pradópolis;Ribeirão Preto;Ribeirão Preto;   20516;   840208; 40,953792;73,19025; 10; 94,192377; 96,08150; 99,55;100,00;100,00;0,000000e+00; 62,3647703; 33,333333
Jaci;São José do Rio Preto;São José do Rio Preto;    6728;   342924; 50,969679;73,06693; 11; 88,566243; 93,73041; 86,11; 98,80; 98,80;0,000000e+00;100,0000000; 18,528757
Bilac;Araçatuba;Araçatuba;    7837;   184903; 23,593594;73,05472; 12; 78,402904; 86,20690; 98,59; 88,24; 88,24;0,000000e+00; 99,5418099; 45,216156
Guaiçara;Bauru;Lins;   11869;   185266; 15,609234;72,79305; 13; 89,292196; 93,10345;100,00; 97,39; 97,39;1,224169e-01; 88,1761487; 16,870153
Tabapuã;São José do Rio Preto;Catanduva;   12251;   241952; 19,749571;72,51996; 14; 86,569873; 87,14734;100,00; 88,26; 88,26;0,000000e+00; 90,0852743; 39,837211
Potirendaba;São José do Rio Preto;São José do Rio Preto;   17002;   531603; 31,267086;72,45736; 15; 90,381125; 92,63323; 98,85; 87,79; 87,79;0,000000e+00;100,0000000; 22,214543
Tupi Paulista;Presidente Prudente;Dracena;   15321;   282161; 18,416618;72,40102; 16; 74,410163; 82,28840;100,00; 97,44; 97,44;0,000000e+00; 87,4506809; 40,178914
Nantes;Presidente Prudente;Presidente Prudente;    3049;   150435; 49,339128;71,98736; 17; 85,117967; 90,43887;100,00;100,00;100,00;0,000000e+00; 83,0342370; 17,307840
Barbosa;Araçatuba;Araçatuba;    7251;    89433; 12,333885;71,94175; 18; 90,562613; 91,53605; 98,91; 97,01; 93,69;4,237181e-02; 84,7397225; 19,043231
Conchal;Campinas;Limeira;   27554;   656033; 23,808993;71,88535; 19; 86,569873; 91,37931; 99,03; 92,47; 77,96;9,400708e-01; 91,8798524; 34,853720
Nuporanga;Franca;São Joaquim da Barra;    7341;   527532; 71,861054;71,80298; 20; 78,402904; 90,12539; 98,38; 99,34; 99,34;1,776379e-01; 61,7793051; 46,878599
Rio Claro;Campinas;Rio Claro;  202952;  9418391; 46,406988;71,65454; 21; 50,453721; 73,04075;100,00; 97,79; 89,98;0,000000e+00; 80,6541937; 81,317669
Guaimbê;Bauru;Lins;    5737;    72070; 12,562315;71,45470; 22; 98,003630; 99,21630; 99,90; 86,06; 86,06;0,000000e+00; 81,8378516; 20,559779
Santa Lúcia;Região Administrativa Central;Araraquara;    8758;   127361; 14,542247;71,32536; 23; 92,558984; 96,08150; 93,42; 98,97; 98,97;0,000000e+00; 77,3450426; 13,257314
Itirapina;Campinas;Rio Claro;   17589;   386254; 21,959975;71,25470; 24; 71,506352; 68,65204; 79,39;100,00;100,00;1,020144e+00; 95,0999109; 54,369193
Novais;São José do Rio Preto;Catanduva;    5527;    60081; 10,870454;71,14053; 25; 97,822142; 96,70846; 91,05; 92,31; 61,54;0,000000e+00;100,0000000; 29,693619
Bálsamo;São José do Rio Preto;São José do Rio Preto;    8908;   203308; 22,823080;71,12100; 26; 91,470054; 92,63323;100,00; 80,77; 80,77;3,511745e-02;100,0000000; 23,289565
Bariri;Bauru;Jaú;   34602;  1146339; 33,129270;70,92344; 27; 83,484574; 88,08777; 99,91; 91,70; 91,70;1,383874e-01; 83,0724195; 29,294325
Clementina;Araçatuba;Araçatuba;    8254;   245147; 29,700388;70,88773; 28; 75,317604; 84,95298; 95,31; 98,48; 98,48;2,266731e+00; 76,6959399; 35,598556
Holambra;Campinas;Campinas;   14012;   908165; 64,813374;70,63059; 29; 63,883848; 68,96552; 95,00;100,00;100,00;1,877504e+01; 73,3231513; 45,097136
Reginópolis;Bauru;Bauru;    9042;   147144; 16,273391;70,58014; 30; 83,666062; 87,93103; 94,10; 94,57; 89,45;0,000000e+00; 76,7723050; 38,151732
Braúna;Araçatuba;Araçatuba;    5557;    94531; 17,011157;70,54065; 31; 72,050817; 75,07837; 88,15; 81,66; 81,66;0,000000e+00;100,0000000; 65,726023
João Ramalho;Marília;Tupã;    4468;   179068; 40,077887;69,59040; 32; 71,143376; 86,67712; 85,38; 81,23; 81,23;0,000000e+00; 51,0627466;100,000000
Rancharia;Presidente Prudente;Presidente Prudente;   29821;  1323712; 44,388585;69,48541; 33; 86,751361; 91,06583; 93,47; 99,83; 99,83;8,689847e-01; 61,2574774; 22,809644
Américo de Campos;São José do Rio Preto;Votuporanga;    5967;   104697; 17,546003;69,36468; 34; 90,381125; 92,47649; 85,63; 83,84; 83,84;9,999583e-01; 93,6617029; 24,088152
Taiaçu;Barretos;Barretos;    6255;    92579; 14,800799;69,30787; 35; 88,929220; 91,37931;100,00; 89,41; 89,41;0,000000e+00; 60,5574647; 34,776933
Ituverava;Franca;Franca;   41414;  1619182; 39,097455;69,04466; 36; 80,943739; 87,61755;100,00;100,00;100,00;6,647328e-01; 52,0554919; 31,075789
Catanduva;São José do Rio Preto;Catanduva;  120691;  3974659; 32,932522;68,91986; 37; 66,424682; 61,59875; 98,28;100,00; 86,78;1,828056e+00; 89,0543464; 47,393074
Mirassolândia;São José do Rio Preto;São José do Rio Preto;    4758;   110125; 23,145229;68,91851; 38;100,000000; 98,90282;100,00; 75,76; 75,76;0,000000e+00;100,0000000;  0,925286
Borá;Marília;Tupã;     839;    74165; 88,396901;68,87059; 39; 53,357532; 62,22571;100,00;100,00;100,00;8,771295e-01;100,0000000; 34,504338
Adolfo;São José do Rio Preto;São José do Rio Preto;    3609;    99735; 27,635079;68,77694; 40; 53,176044; 61,75549; 99,89;100,00;100,00;3,554181e+00;100,0000000; 31,839822
Santópolis do Aguapeí;Araçatuba;Araçatuba;    4687;    60817; 12,975677;68,77212; 41; 53,176044; 61,91223; 89,93;100,00;100,00;2,563152e+01; 99,9618175; 19,565384
Ouroeste;São José do Rio Preto;Fernandópolis;    9897;   439499; 44,407295;68,67497; 42; 50,816697; 60,34483;100,00;100,00;100,00;1,653575e+00; 99,1854397; 37,399217
São João das Duas Pontes;São José do Rio Preto;Fernandópolis;    2601;    42032; 16,159938;68,65870; 43; 51,905626; 61,28527; 99,96;100,00;100,00;4,655483e+00; 97,2890416; 34,174153
Paranapuã;São José do Rio Preto;Jales;    4051;    98637; 24,348803;68,49479; 44; 52,450091; 60,97179;100,00;100,00;100,00;1,201133e+00; 99,4145348; 33,920756
Santana da Ponte Pensa;São José do Rio Preto;Jales;    1555;    34554; 22,221222;68,43584; 45; 53,357532; 62,22571; 88,85;100,00;100,00;6,667883e+00;100,0000000; 36,385625
Queiroz;Marília;Tupã;    3267;   368857;112,903887;68,28457; 46; 52,813067; 62,06897;100,00;100,00;100,00;2,626176e+00;100,0000000; 28,768333
Santa Albertina;São José do Rio Preto;Jales;    5999;   194015; 32,341224;68,22814; 47; 53,901996; 62,69592;100,00;100,00;100,00;6,338094e-01; 98,7654321; 29,827997
Guarani d'Oeste;São José do Rio Preto;Fernandópolis;    2017;    34008; 16,860684;68,22327; 48; 49,546279; 59,56113; 99,15;100,00;100,00;5,980746e+00;100,0000000; 31,548030
Colina;Barretos;Barretos;   18376;   948979; 51,642305;68,21468; 49; 75,499093; 79,46708; 88,18;100,00;100,00;1,443691e+00; 67,5830470; 33,544498
Pontes Gestal;São José do Rio Preto;Votuporanga;    2594;   152387; 58,745952;68,15617; 50; 51,179673; 60,34483;100,00; 95,56; 95,56;2,598711e+00;100,0000000; 40,006143
Meridiano;São José do Rio Preto;Fernandópolis;    3892;   289767; 74,451953;68,09490; 51; 51,905626; 60,65831; 99,17; 99,89; 99,89;4,388772e+00; 95,6344661; 33,221992
Populina;São José do Rio Preto;Fernandópolis;    4240;    98374; 23,201415;68,03089; 52; 53,539020; 62,53918; 99,52;100,00;100,00;2,664113e+00;100,0000000; 25,984796
Santa Ernestina;Região Administrativa Central;Araraquara;    5662;    92068; 16,260685;68,00616; 53; 52,268603; 61,75549;100,00;100,00;100,00;3,746877e+00; 93,4326079; 32,845734
Dracena;Presidente Prudente;Dracena;   46324;  1166835; 25,188563;67,99781; 54; 63,157895; 76,64577;100,00; 96,00; 96,00;1,235955e+00; 75,8050146; 35,137833
Andradina;Araçatuba;Andradina;   57350;  1971995; 34,385266;67,95267; 55; 56,261343; 64,89028; 96,89;100,00;100,00;1,316442e+01; 72,6740486; 39,741227
Regente Feijó;Presidente Prudente;Presidente Prudente;   19985;   655921; 32,820665;67,89285; 56; 52,631579; 61,59875; 99,86;100,00;100,00;4,307926e+00; 95,3926435; 29,351916
Dolcinópolis;São José do Rio Preto;Jales;    2136;    44854; 20,999064;67,82648; 57; 49,727768; 58,62069;100,00;100,00;100,00;1,259612e+00; 99,8854525; 33,118329
Severínia;Barretos;Barretos;   17115;   233916; 13,667309;67,80228; 58; 83,666062; 88,87147;100,00; 95,33; 94,38;4,785520e-01; 56,7519409; 22,940183
Nova Independência;Araçatuba;Andradina;    3745;   134231; 35,842724;67,75559; 59; 94,192377; 94,67085;100,00; 93,08; 93,08;6,619262e-01; 64,8084511;  1,551102
Cândido Mota;Marília;Assis;   31263;  1005667; 32,167962;67,70521; 60; 75,499093; 79,62382; 93,77; 98,00; 98,00;3,562143e-01; 68,7030673; 27,689472
Irapuã;São José do Rio Preto;Catanduva;    7878;   149375; 18,961031;67,67550; 61; 52,087114; 60,81505; 87,78; 99,56; 99,56;2,332856e+00;100,0000000; 39,268986
José Bonifácio;São José do Rio Preto;São José do Rio Preto;   36198;  1389991; 38,399663;67,61113; 62; 86,932849; 85,89342; 90,60; 83,30; 83,30;0,000000e+00; 73,6286114; 37,234124
Guaraci;Barretos;Barretos;   10964;   376680; 34,356074;67,58740; 63; 82,940109; 89,02821; 89,97; 85,22; 85,22;0,000000e+00; 82,9196894; 25,401213
Brotas;Campinas;Rio Claro;   23858;   804016; 33,700059;67,58737; 64; 75,680581; 77,89969;100,00;100,00;100,00;2,039986e+00; 56,9937635; 28,084927
Guapiaçu;São José do Rio Preto;São José do Rio Preto;   20637;   528980; 25,632602;67,55319; 65; 79,854809; 84,79624; 88,43; 83,48; 83,48;0,000000e+00; 52,5391371; 67,845351
Santa Clara d'Oeste;São José do Rio Preto;Jales;    2134;    67158; 31,470478;67,53948; 66; 50,816697; 59,71787;100,00;100,00;100,00;2,308316e+00; 97,0344915; 30,438455
Pongaí;Bauru;Lins;    3480;    76270; 21,916667;67,51402; 67; 51,724138; 60,03135; 96,53;100,00;100,00;1,416064e+00; 99,7072674; 30,703371
Vitória Brasil;São José do Rio Preto;Jales;    1833;    33787; 18,432624;67,49523; 68; 52,268603; 61,75549; 89,59; 97,05; 97,05;2,503504e+00; 97,3654066; 42,378868
General Salgado;Araçatuba;Araçatuba;   10951;   259863; 23,729614;67,47086; 69; 51,542650; 60,81505;100,00; 97,68; 97,68;1,943113e+00; 99,0072547; 31,098825
Ribeirão dos Índios;Presidente Prudente;Presidente Prudente;    2243;    37723; 16,818101;67,37601; 70; 54,627949; 63,47962; 90,53;100,00;100,00;6,801674e-01; 96,6526664; 33,037703
Tarumã;Marília;Assis;   14547;   890298; 61,201485;67,30609; 71; 50,453721; 60,34483; 99,41; 98,55; 98,55;2,143654e+00; 86,9670358; 42,029486
Dirce Reis;São José do Rio Preto;Jales;    1785;    60552; 33,922689;67,30089; 72; 54,083485; 62,85266; 83,26; 97,94; 97,94;1,944759e+00;100,0000000; 40,386240
Saltinho;Campinas;Piracicaba;    8019;   234405; 29,231201;67,29342; 73; 54,446461; 63,79310; 89,71;100,00;100,00;2,123499e-01; 85,5797378; 44,605698
São José do Rio Preto;São José do Rio Preto;São José do Rio Preto;  450657; 16493968; 36,599826;67,20969; 74; 62,431942; 65,67398; 95,81; 89,03; 89,03;7,744821e+00; 86,6106656; 41,346080
Presidente Alves;Bauru;Bauru;    4155;    63297; 15,233935;67,19994; 75; 52,631579; 62,06897; 89,82;100,00;100,00;4,321302e+00; 99,8472700; 28,910389
Rubiácea;Araçatuba;Araçatuba;    3046;    62016; 20,359816;67,16835; 76; 54,083485; 62,85266; 92,50;100,00;100,00;1,403678e+00;100,0000000; 26,506949
Jales;São José do Rio Preto;Jales;   49110;  1394460; 28,394624;67,12889; 77; 47,912886; 56,89655;100,00;100,00;100,00;2,693163e+00; 93,9798905; 35,548645
Parapuã;Marília;Tupã;   11073;   358234; 32,352027;67,11466; 78; 51,905626; 61,12853; 93,21;100,00;100,00;2,112123e+00;100,0000000; 28,561007
Osvaldo Cruz;Presidente Prudente;Adamantina;   32709;   878449; 26,856492;67,05191; 79; 47,368421; 56,26959; 96,18;100,00;100,00;4,721492e+00; 97,4290442; 34,446748
Birigui;Araçatuba;Araçatuba;  120692;  3146638; 26,071637;67,01366; 80; 77,132486; 81,50470;100,00; 98,72; 98,72;6,428144e-02; 28,1786942; 51,789142
Valentim Gentil;São José do Rio Preto;Votuporanga;   12800;   328002; 25,625156;66,98202; 81; 51,361162; 60,34483;100,00;100,00;100,00;2,050282e+00; 93,4198804; 28,680028
Uru;Bauru;Lins;    1207;    54568; 45,209611;66,82419; 82; 50,272232; 58,62069;100,00;100,00;100,00;1,428144e+00;100,0000000; 24,272441
Narandiba;Presidente Prudente;Presidente Prudente;    4746;   204905; 43,174252;66,80671; 83; 50,453721; 59,71787; 95,45; 99,94; 99,94;1,826985e+00;100,0000000; 27,125086
Cravinhos;Ribeirão Preto;Ribeirão Preto;   34651;  1035236; 29,876079;66,78212; 84; 78,221416; 83,22884; 97,51; 91,81; 91,81;6,815384e-02; 66,6412117; 24,967365
Anhumas;Presidente Prudente;Presidente Prudente;    4053;    83443; 20,587960;66,73479; 85; 50,635209; 58,93417; 98,14; 97,95; 97,95;4,195865e+00;100,0000000; 26,073101
Oriente;Marília;Marília;    6473;    99054; 15,302642;66,72352; 86; 53,539020; 62,69592; 95,21;100,00;100,00;1,092557e+00; 95,8762887; 25,374338
Tupã;Marília;Tupã;   65758;  1760413; 26,771085;66,69959; 87; 45,916515; 54,85893;100,00; 98,21; 98,21;3,108846e+00; 95,3671885; 37,925209
Nova Guataporanga;Presidente Prudente;Dracena;    2304;    27941; 12,127170;66,63950; 88; 51,905626; 60,97179; 94,54;100,00;100,00;2,205812e+00; 90,0980018; 33,394763
Mariápolis;Presidente Prudente;Adamantina;    4087;    60752; 14,864693;66,63755; 89; 53,357532; 62,38245; 85,11;100,00;100,00;2,749128e+00; 98,9054346; 30,595869
Sud Mennucci;Araçatuba;Andradina;    7733;   179283; 23,184146;66,63137; 90; 50,998185; 60,50157; 96,17; 99,45; 99,45;1,589579e+00; 95,6471936; 29,244414
Floreal;São José do Rio Preto;Votuporanga;    2982;    59454; 19,937626;66,57362; 91; 50,453721; 59,40439; 92,37;100,00;100,00;2,508777e+00; 94,4380807; 33,413960
Urânia;São José do Rio Preto;Jales;    9148;   191071; 20,886642;66,56170; 92; 49,001815; 55,79937; 94,21;100,00;100,00;2,474222e+00; 96,9453990; 34,062812
Araçatuba;Araçatuba;Araçatuba;  194874;  6970533; 35,769436;66,52514; 93; 58,983666; 63,94984; 98,07;100,00;100,00;1,027599e+01; 68,4866998; 32,434923
Sales;São José do Rio Preto;Catanduva;    6144;   142344; 23,167969;66,51617; 94; 82,758621; 78,68339; 90,02; 97,52; 95,25;0,000000e+00; 55,5046455; 32,392690
Santa Adélia;São José do Rio Preto;Catanduva;   15331;   323261; 21,085448;66,49721; 95; 88,566243; 90,43887; 98,43; 76,81; 69,20;2,769160e+00; 83,2378771; 22,525532
Sagres;Presidente Prudente;Adamantina;    2453;    43299; 17,651447;66,49544; 96; 53,176044; 62,38245; 87,52;100,00;100,00;1,444028e+00; 95,4053710; 32,035629
Quintana;Marília;Tupã;    6530;   157247; 24,080704;66,48039; 97; 47,368421; 54,54545;100,00; 98,61; 98,61;5,748382e+00; 99,8472700; 27,113568
Magda;São José do Rio Preto;Votuporanga;    3185;   106567; 33,459027;66,44901; 98; 50,635209; 56,11285; 94,26;100,00;100,00;4,894320e+00; 96,8944890; 28,795208
Vargem Grande do Sul;Campinas;São João da Boa Vista;   42310;   945585; 22,348972;66,44715; 99; 73,502722; 78,84013; 98,80; 88,34; 79,51;1,241684e+00; 82,1942217; 29,148430
Santo Anastácio;Presidente Prudente;Presidente Prudente;   21030;   422326; 20,082073;66,44521;100; 51,361162; 60,18809; 92,12;100,00;100,00;2,618748e+00; 89,0416189; 36,232051
Guaíra;Barretos;Barretos;   40287;  3697276; 91,773426;66,43700;101; 90,199637; 93,57367;100,00; 80,00; 80,00;4,277148e-01; 70,9431081; 16,351839
Estrela do Norte;Presidente Prudente;Presidente Prudente;    2769;    64470; 23,282774;66,42060;102; 49,909256; 59,24765; 94,24;100,00;100,00;1,634262e+00; 98,9436172; 27,390002
Cardoso;São José do Rio Preto;Votuporanga;   12328;   259557; 21,054267;66,39391;103; 51,905626; 60,34483;100,00; 93,49; 93,49;5,863058e+00;100,0000000; 26,057744
Catiguá;São José do Rio Preto;Catanduva;    7700;   118322; 15,366494;66,37857;104; 53,720508; 62,06897;100,00; 96,32; 96,32;9,515807e-01; 93,9926180; 27,654918
Álvares Machado;Presidente Prudente;Presidente Prudente;   24813;   509446; 20,531415;66,36567;105; 50,453721; 59,71787;100,00;100,00;100,00;4,622652e+00; 91,5362097; 24,594947
Flora Rica;Presidente Prudente;Adamantina;    1571;    39238; 24,976448;66,32075;106; 53,357532; 62,22571; 90,73;100,00;100,00;2,104908e+00; 93,3180603; 28,829763
São Francisco;São José do Rio Preto;Jales;    2850;    47985; 16,836842;66,30625;107; 51,905626; 60,97179; 91,19;100,00;100,00;1,745496e+00; 97,6963218; 26,940797
Jeriquara;Franca;Franca;    3202;    83557; 26,095253;66,28357;108; 51,905626; 61,75549;100,00;100,00;100,00;1,028219e+00; 92,7580501; 22,821163
Tarabai;Presidente Prudente;Presidente Prudente;    7302;   108579; 14,869762;66,27618;109; 53,357532; 62,38245; 86,95;100,00;100,00;2,801442e+00; 98,3454245; 26,372572
Lourdes;Araçatuba;Araçatuba;    2270;    38854; 17,116300;66,24367;110; 50,090744; 60,50157; 82,48;100,00;100,00;1,194011e+00;100,0000000; 35,683022
Três Fronteiras;São José do Rio Preto;Jales;    5767;   107546; 18,648517;66,22144;111; 51,905626; 61,12853;100,00; 95,73; 95,73;5,449283e+00; 95,5326460; 24,295477
Poloni;São José do Rio Preto;São José do Rio Preto;    5935;   143949; 24,254254;66,20971;112; 50,272232; 57,99373; 92,87;100,00;100,00;4,016784e+00; 96,2326588; 28,292252
Nova Canaã Paulista;São José do Rio Preto;Jales;    1978;    36621; 18,514156;66,20019;113; 52,631579; 62,06897; 85,82;100,00;100,00;5,035039e+00;100,0000000; 24,045919
Lavínia;Araçatuba;Andradina;   11156;   147534; 13,224632;66,19756;114; 92,921960; 94,98433; 48,81;100,00; 90,88;0,000000e+00; 92,0325824;  9,951624
Aspásia;São José do Rio Preto;Jales;    1842;    33181; 18,013572;66,18917;115; 54,446461; 63,63636; 88,22;100,00;100,00;1,124201e+00; 95,1762759; 26,910082
Ouro Verde;Presidente Prudente;Dracena;    8440;   114298; 13,542417;66,16231;116; 97,822142; 95,45455; 92,00; 71,43; 71,43;0,000000e+00; 76,6704849; 24,491285
Indiaporã;São José do Rio Preto;Fernandópolis;    3951;    92773; 23,480891;66,15877;117; 50,998185; 60,50157; 84,60; 98,59; 98,59;6,222495e-01;100,0000000; 35,368195
Fernandópolis;São José do Rio Preto;Fernandópolis;   68670;  1930276; 28,109451;66,14488;118; 47,731397; 56,89655;100,00; 96,25; 96,25;4,015218e+00; 93,0507827; 34,965062
Santa Fé do Sul;São José do Rio Preto;Jales;   31802;  1013729; 31,876266;66,10369;119; 69,872958; 76,33229;100,00;100,00; 84,57;2,593110e+00; 67,9521446; 27,509022
Turmalina;São José do Rio Preto;Fernandópolis;    1827;    61407; 33,610837;66,07876;120; 53,720508; 62,53918; 92,84;100,00;100,00;1,531434e+00;100,0000000; 17,998925
Santa Salete;São José do Rio Preto;Jales;    1536;    33653; 21,909505;66,07523;121; 51,724138; 61,59875; 78,82;100,00;100,00;1,766526e+00;100,0000000; 34,692467
Piacatu;Araçatuba;Araçatuba;    5846;    95837; 16,393602;66,04428;122; 52,450091; 61,59875; 96,00; 99,37; 99,37;4,232210e+00; 87,9470536; 27,386163
Lucianópolis;Bauru;Bauru;    2381;    48799; 20,495170;66,03497;123; 49,001815; 59,09091; 81,68; 99,09; 99,09;4,446847e-02;100,0000000; 40,282577
Monções;São José do Rio Preto;Votuporanga;    2249;    73462; 32,664295;66,01618;124; 52,268603; 60,97179; 98,45; 99,64; 99,64;4,831122e+00; 89,1688940; 23,159026
Nova Granada;São José do Rio Preto;São José do Rio Preto;   21071;   459182; 21,792131;66,01611;125; 51,724138; 59,56113; 92,94; 97,37; 97,37;3,594965e+00; 95,1762759; 30,392383
Estrela d'Oeste;São José do Rio Preto;Fernandópolis;    8466;   859459;101,518899;66,01428;126; 48,820327; 58,15047; 94,44; 95,63; 95,63;4,182010e+00; 98,5999745; 32,661445
Nipoã;São José do Rio Preto;São José do Rio Preto;    4994;    87351; 17,491189;66,01345;127; 53,720508; 62,22571; 88,53; 97,30; 97,30;3,215500e+00;100,0000000; 25,815864
Auriflama;Araçatuba;Araçatuba;   15085;   294071; 19,494266;66,01136;128; 51,905626; 60,50157; 95,36; 94,34; 94,34;1,339588e+00;100,0000000; 30,304077
Pontalinda;São José do Rio Preto;Jales;    4519;    84618; 18,724939;66,00897;129; 54,264973; 63,16614; 81,97;100,00;100,00;2,597577e+00;100,0000000; 26,073101
Paraguaçu Paulista;Marília;Assis;   45255;  1235133; 27,292741;65,98309;130; 49,727768; 58,30721; 94,14;100,00;100,00;8,756113e+00; 90,6071019; 26,326499
Itapira;Campinas;Campinas;   73844;  3457944; 46,827691;65,94721;131; 65,880218; 56,26959; 99,19;100,00;100,00;2,594969e+00; 73,7304315; 29,912463
Novo Horizonte;São José do Rio Preto;Catanduva;   40225;  1268736; 31,540982;65,93309;132; 46,823956; 55,95611; 95,06; 96,90; 96,90;1,654195e+00; 94,1835306; 39,986946
Palmeira d'Oeste;São José do Rio Preto;Jales;    9496;   169315; 17,830139;65,92543;133; 50,453721; 60,03135; 90,67;100,00;100,00;1,924961e+00; 96,3344788; 27,988943
Iacri;Marília;Tupã;    6434;   205719; 31,973733;65,91870;134; 54,264973; 63,00940; 88,88;100,00;100,00;1,400785e+00; 91,9053074; 27,889119
Emilianópolis;Presidente Prudente;Presidente Prudente;    3197;    60725; 18,994370;65,86258;135; 54,083485; 63,00940; 90,85; 98,45; 98,45;7,581153e-01; 86,0888380; 35,210781
Itápolis;Região Administrativa Central;Araraquara;   42747;  1373099; 32,121529;65,83929;136; 75,499093; 77,11599;100,00; 85,00; 85,00;1,937643e-01; 74,1504391; 29,755049
Rosana;Presidente Prudente;Presidente Prudente;   17795;  1255100; 70,531048;65,83467;137; 48,275862; 57,83699; 88,77; 99,94; 99,94;2,756877e+00; 96,2581138; 32,899486
Bastos;Marília;Tupã;   21073;  1048120; 49,737579;65,82592;138; 47,368421; 57,05329; 89,38; 98,23; 98,23;2,869272e+00; 99,1218022; 34,354603
Quatá;Marília;Tupã;   13893;   457945; 32,962283;65,81503;139; 51,361162; 60,50157; 93,10;100,00;100,00;5,153504e+00; 90,5689194; 25,835061
Batatais;Franca;Franca;   61480;  1479439; 24,063744;65,81140;140; 84,573503; 92,78997; 88,44; 78,09; 78,09;2,470707e-01; 76,1104747; 28,150196
Luiziânia;Araçatuba;Araçatuba;    5633;    70636; 12,539677;65,80721;141; 52,813067; 61,44201; 86,27;100,00;100,00;1,557488e+00; 98,3326970; 26,042387
Ibirá;São José do Rio Preto;São José do Rio Preto;   12096;   245908; 20,329696;65,79051;142; 51,905626; 59,40439; 90,61; 97,25; 97,25;4,909215e+00; 99,1981672; 25,796667
Votorantim;Sorocaba;Sorocaba;  119898;  3001782; 25,036131;65,78893;143; 53,720508; 63,79310; 96,19; 95,44; 90,11;6,181579e+00; 87,8961436; 32,980112
Planalto;São José do Rio Preto;São José do Rio Preto;    5067;   220380; 43,493191;65,77271;144; 51,542650; 60,03135; 84,98; 97,39; 97,39;2,815856e+00;100,0000000; 32,031790
Dois Córregos;Bauru;Jaú;   26891;   653858; 24,315124;65,76858;145; 75,317604; 76,48903; 94,64; 99,15; 99,15;1,316029e-01; 47,6645030; 33,605928
Lins;Bauru;Lins;   77021;  3573980; 46,402669;65,75970;146; 53,357532; 60,50157;100,00; 91,21; 91,21;2,777709e+00; 90,8616520; 36,159103
Alfredo Marcondes;Presidente Prudente;Presidente Prudente;    4135;    83000; 20,072551;65,75753;147; 49,727768; 57,83699;100,00; 93,97; 93,97;2,704774e+00;100,0000000; 27,850726
Franca;Franca;Franca;  347237;  9409310; 27,097660;65,75676;148; 47,731397; 56,73981;100,00; 98,66; 98,66;7,056894e+00; 86,2415680; 30,964448
Mesópolis;São José do Rio Preto;Jales;    1926;    57279; 29,739875;65,74121;149; 53,176044; 62,53918; 93,25; 94,67; 94,67;1,742847e+00; 98,0654194; 27,816171
Maracaí;Marília;Assis;   13981;   415247; 29,700808;65,65029;150; 51,724138; 60,81505; 92,48;100,00;100,00;8,336184e-01; 78,1723304; 41,177148
Monte Alto;Ribeirão Preto;Ribeirão Preto;   49979;  1622754; 32,468717;65,64940;151; 46,823956; 55,95611;100,00;100,00;100,00;2,233035e+00; 93,0762377; 27,105890
Palmares Paulista;São José do Rio Preto;Catanduva;   12730;   118360;  9,297722;65,64323;152; 55,898367; 63,63636; 84,89;100,00;100,00;1,610174e+00; 90,5307369; 28,580204
Guará;Franca;Franca;   21081;   422381; 20,036099;65,63903;153; 62,431942; 65,98746;100,00; 99,97; 99,97;6,500223e-01; 67,6339570; 28,468863
Macedônia;São José do Rio Preto;Fernandópolis;    3736;    76026; 20,349572;65,58932;154; 53,539020; 62,22571; 79,45;100,00;100,00;6,047912e-01;100,0000000; 28,895032
Santa Mercedes;Presidente Prudente;Dracena;    2945;    77175; 26,205433;65,54719;155; 51,542650; 60,81505;100,00; 95,51; 95,51;1,677504e+00; 92,3507700; 26,971512
Gastão Vidigal;Araçatuba;Araçatuba;    4683;    66694; 14,241725;65,53589;156; 53,357532; 61,75549; 80,40;100,00;100,00;5,455730e+00; 97,7981418; 25,520233
Assis;Marília;Assis;  102924;  3303948; 32,100851;65,53095;157; 45,735027; 53,29154; 99,98; 99,56; 99,56;1,920939e+00; 87,1579483; 37,042156
Guzolândia;Araçatuba;Araçatuba;    5179;    61632; 11,900367;65,51635;158; 53,176044; 61,59875; 85,51;100,00;100,00;1,333525e+00; 95,4180985; 27,094371
Fernando Prestes;Região Administrativa Central;Araraquara;    5782;   199549; 34,512107;65,50879;159; 52,631579; 61,44201;100,00; 94,78; 94,78;4,772224e+00; 93,5344279; 22,130078
Presidente Epitácio;Presidente Prudente;Presidente Prudente;   43897;   853036; 19,432672;65,46118;160; 48,820327; 58,93417; 93,40; 95,75; 95,75;3,697059e+00; 97,3908617; 29,947017
Teodoro Sampaio;Presidente Prudente;Presidente Prudente;   22914;   479182; 20,912193;65,38565;161; 50,272232; 59,09091; 90,22; 96,84; 96,84;4,143975e+00; 97,3781341; 28,299931
Nova Europa;Região Administrativa Central;Araraquara;   10755;   303797; 28,247048;65,33794;162; 97,459165; 96,55172; 92,74; 82,80; 82,34;4,605586e-01; 48,6827033; 21,669354
Echaporã;Marília;Marília;    6247;   128090; 20,504242;65,33338;163; 52,087114; 61,59875; 97,92; 99,31; 99,31;8,689015e-02; 82,7796869; 29,574599
Cândido Rodrigues;Região Administrativa Central;Araraquara;    2792;   115329; 41,306948;65,31010;164; 48,820327; 56,11285; 86,72; 99,90; 99,90;3,911804e+00; 97,2763141; 29,839515
Alto Alegre;Araçatuba;Araçatuba;    4154;   110458; 26,590756;65,19412;165; 53,176044; 62,69592; 82,09;100,00;100,00;1,544351e+00; 97,2635866; 24,783076
Ilha Solteira;Araçatuba;Andradina;   26540;   627436; 23,641145;65,16469;166; 87,114338; 87,30408;100,00; 76,22; 76,22;4,058385e-01; 75,1559119; 18,897335
São José da Bela Vista;Franca;Franca;    8885;   161031; 18,123917;65,11723;167; 96,188748; 93,73041; 95,06; 79,12; 79,12;0,000000e+00; 48,1863307; 29,532366
Monte Aprazível;São José do Rio Preto;São José do Rio Preto;   24393;   724490; 29,700734;65,10903;168; 50,635209; 59,40439; 91,68; 95,07; 95,07;1,916248e+00; 94,7689958; 32,327421
Piquerobi;Presidente Prudente;Presidente Prudente;    3693;    54210; 14,679123;65,09159;169; 52,813067; 62,06897; 79,16;100,00;100,00;2,107224e+00;100,0000000; 24,583429
Turiúba;Araçatuba;Araçatuba;    2016;    47044; 23,335317;65,07611;170; 50,453721; 60,18809; 80,17;100,00;100,00;7,666223e-01; 99,8090874; 29,221378
Salmourão;Presidente Prudente;Adamantina;    5222;    70943; 13,585408;65,03610;171; 51,179673; 60,65831; 86,91;100,00;100,00;9,160295e-01; 94,9471809; 25,677647
Pirapozinho;Presidente Prudente;Presidente Prudente;   27021;   962053; 35,603901;65,03258;172; 47,549909; 54,38871; 96,78; 97,09; 97,09;2,436368e+00; 94,3489882; 30,576672
Riversul;Itapeva;Itapeva;    5792;    64894; 11,204075;64,99063;173; 54,990926; 63,79310; 81,79;100,00;100,00;5,939206e+00; 96,8181240; 16,593719
Coronel Macedo;Itapeva;Itapeva;    4840;    80082; 16,545868;64,98923;174; 54,990926; 63,79310; 82,70; 97,83; 97,83;4,870699e+00;100,0000000; 17,899102
Buritama;Araçatuba;Araçatuba;   16841;   604101; 35,870851;64,93725;175; 65,517241; 70,84639;100,00; 81,06; 81,06;2,310401e+00; 85,4397353; 33,264225
Arco-Íris;Marília;Tupã;    1856;    47754; 25,729526;64,90113;176; 53,901996; 63,32288; 65,82;100,00;100,00;1,924765e+00;100,0000000; 34,239423
Matão;Região Administrativa Central;Araraquara;   82307;  3821843; 46,433997;64,87795;177; 64,065336; 81,81818;100,00;100,00;100,00;6,569966e+00; 53,8118875; 12,758197
Itirapuã;Franca;Franca;    6405;    78283; 12,222170;64,84278;178; 52,087114; 62,22571; 87,23; 94,63; 94,63;1,048679e+00; 97,2508591; 29,639868
Paraíso;São José do Rio Preto;Catanduva;    6369;   231582; 36,360810;64,82216;179; 87,295826; 91,22257; 87,96; 88,53; 88,53;4,440867e-01; 48,6445208; 25,950242
Adamantina;Presidente Prudente;Adamantina;   35139;  1054541; 30,010558;64,81113;180; 45,916515; 54,38871;100,00; 97,37; 97,37;4,336705e+00; 85,4397353; 33,667358
Cristais Paulista;Franca;Franca;    8424;   195654; 23,225783;64,80699;181; 90,381125; 92,94671; 71,85; 87,92; 87,92;2,804786e+00; 65,8011964; 18,832066
Gabriel Monteiro;Araçatuba;Araçatuba;    2791;    75607; 27,089574;64,78686;182; 51,361162; 60,50157; 96,51;100,00;100,00;1,868146e+00; 82,8178694; 25,236121
Parisi;São José do Rio Preto;Votuporanga;    2150;    48813; 22,703721;64,78008;183; 74,773140; 80,87774; 80,86; 79,62; 79,62;0,000000e+00; 81,9269441; 40,562850
Patrocínio Paulista;Franca;Franca;   14351;   900987; 62,782175;64,75560;184; 87,295826; 86,83386;100,00; 79,72; 79,72;0,000000e+00; 62,9247805; 21,550334
Iracemápolis;Campinas;Limeira;   23264;  1309627; 56,294145;64,74429;185; 66,061706; 76,48903; 98,97;100,00;100,00;0,000000e+00; 38,5007000; 37,932888
São João da Boa Vista;Campinas;São João da Boa Vista;   90089;  2923319; 32,449234;64,73021;186; 46,460980; 57,05329;100,00; 95,99; 95,99;2,014454e+00; 83,3906071; 36,942333
Sebastianópolis do Sul;São José do Rio Preto;Votuporanga;    3411;   311501; 91,322486;64,70217;187; 46,823956; 55,17241; 83,60;100,00;100,00;1,916523e+00;100,0000000; 30,104431
Mombuca;Campinas;Piracicaba;    3470;    92901; 26,772622;64,69037;188; 48,275862; 58,77743; 92,12; 85,83; 85,83;3,866802e+01; 91,4471172; 16,574522
Itajobi;São José do Rio Preto;Catanduva;   15246;  1191836; 78,173685;64,68571;189; 72,776770; 75,70533;100,00; 80,00; 76,80;0,000000e+00; 57,9610538; 54,242494
Campina do Monte Alegre;Itapeva;Itapeva;    5963;   105998; 17,775952;64,68032;190; 51,905626; 61,12853; 89,88; 95,15; 95,15;1,038685e+00;100,0000000; 23,189741
Bocaina;Bauru;Jaú;   12040;   225211; 18,705233;64,66324;191; 51,179673; 61,28527;100,00; 98,94; 98,94;2,055000e+00; 77,4468627; 27,459111
Pereira Barreto;Araçatuba;Andradina;   25790;   817570; 31,701047;64,64120;192; 80,580762; 79,15361; 93,06; 80,00; 80,00;1,607022e-01; 71,3249332; 32,849574
Santa Rosa de Viterbo;Ribeirão Preto;Ribeirão Preto;   26067;   768791; 29,492884;64,63953;193; 51,724138; 61,28527; 96,57; 98,24; 98,24;1,808479e+00; 86,4579356; 22,790448
Santo Antônio da Alegria;Ribeirão Preto;Ribeirão Preto;    6829;   145308; 21,278079;64,62389;194; 86,025408; 90,12539;100,00; 86,05; 82,33;0,000000e+00; 34,9497264; 37,510558
Platina;Marília;Assis;    3488;    90806; 26,033830;64,55811;195; 53,539020; 62,53918; 74,35;100,00;100,00;3,249384e-02; 96,4872089; 29,517008
Lucélia;Presidente Prudente;Adamantina;   21461;   428339; 19,958949;64,55545;196; 49,183303; 58,30721; 89,86;100,00;100,00;1,714997e+00; 85,9106529; 31,467404
Inúbia Paulista;Presidente Prudente;Adamantina;    3933;   139899; 35,570557;64,53082;197; 46,279492; 53,91850; 88,80;100,00;100,00;7,386196e+00; 93,5089729; 26,353375
União Paulista;São José do Rio Preto;São José do Rio Preto;    1793;    49113; 27,391523;64,50810;198; 50,090744; 59,71787; 78,44;100,00;100,00;1,562599e+00;100,0000000; 26,253551
Colômbia;Barretos;Barretos;    6225;   358220; 57,545382;64,50224;199; 53,357532; 63,00940; 95,47; 98,99; 98,99;2,227193e+00; 87,9597811; 16,013975
Cruzália;Marília;Assis;    2161;   131219; 60,721425;64,50082;200; 51,179673; 60,81505; 89,43;100,00;100,00;3,223676e-01; 82,3851343; 31,874376
Guariba;Ribeirão Preto;Ribeirão Preto;   39216;   889457; 22,680972;64,44855;201; 53,357532; 62,22571; 98,28; 98,41; 98,41;1,498817e+00; 74,1504391; 29,255932
Nova Luzitânia;Araçatuba;Araçatuba;    3953;    46502; 11,763724;64,42503;202; 52,813067; 62,06897; 78,64; 96,10; 96,10;3,278731e+00;100,0000000; 26,399447
Marinópolis;São José do Rio Preto;Jales;    2140;    34589; 16,163084;64,42016;203; 50,635209; 60,18809; 81,58;100,00;100,00;9,336120e-01; 95,0490009; 26,975351
Bento de Abreu;Araçatuba;Araçatuba;    2925;   169771; 58,041368;64,32381;204; 51,542650; 60,97179; 92,83; 99,70; 99,70;2,008338e+00; 81,4305715; 26,407126
Coroados;Araçatuba;Araçatuba;    5885;   161861; 27,503993;64,28921;205; 52,994555; 62,06897; 87,29; 95,03; 95,03;2,882130e+00; 94,6035382; 24,414497
Elisiário;São José do Rio Preto;Catanduva;    3537;    67898; 19,196494;64,24175;206; 76,769510; 75,70533; 91,59; 88,67; 88,67;0,000000e+00; 66,1066565; 26,422483
Taquarituba;Itapeva;Itapeva;   23240;   650632; 27,996213;64,16900;207; 42,831216; 46,70846; 95,62; 99,99; 99,99;1,333511e+00; 92,9235077; 33,955310
Martinópolis;Presidente Prudente;Presidente Prudente;   26123;   462852; 17,718179;64,16647;208; 83,847550; 84,16928;100,00; 80,31; 80,31;4,758512e-03; 56,6628484; 28,027336
Manduri;Sorocaba;Avaré;    9714;   209533; 21,570208;64,11547;209; 83,303085; 84,01254; 86,49; 71,56; 71,56;0,000000e+00; 66,0557465; 49,942410
Caiabu;Presidente Prudente;Presidente Prudente;    4211;    60597; 14,390169;64,11141;210; 53,720508; 62,53918; 85,16; 93,13; 93,13;5,596278e+00;100,0000000; 19,615296
Cajuru;Ribeirão Preto;Ribeirão Preto;   25655;   575023; 22,413682;64,10985;211; 51,179673; 61,12853; 90,81; 95,79; 95,79;6,377106e+00; 89,3470790; 22,456423
Alvinlândia;Marília;Marília;    3196;    63814; 19,966834;64,08957;212; 54,627949; 63,47962; 91,92; 99,00; 99,00;1,066960e+00; 88,6216113; 15,000384
Engenheiro Coelho;Campinas;Campinas;   19497;   596633; 30,601272;64,07261;213; 75,680581; 82,44514; 73,14; 97,02; 97,02;0,000000e+00; 57,1592211; 30,115949
Pereiras;Sorocaba;Botucatu;    8410;   198021; 23,545898;64,07213;214; 60,617060; 68,80878; 78,24;100,00; 93,95;4,325814e+00; 89,8689067; 16,766490
Altair;Barretos;Barretos;    4109;   210081; 51,127038;64,04895;215; 51,361162; 61,12853; 81,16; 98,64; 98,64;3,013813e+00;100,0000000; 18,448130
Paulo de Faria;São José do Rio Preto;São José do Rio Preto;    8953;   261240; 29,179046;64,02984;216; 52,268603; 61,28527; 88,25; 97,45; 97,45;3,172946e+00; 92,5162276; 19,845658
Avaré;Sorocaba;Avaré;   89479;  2621040; 29,292236;63,95495;217; 46,279492; 54,07524; 99,11; 99,91; 99,91;3,848961e+00; 73,9977090; 34,508178
Pedrinhas Paulista;Marília;Assis;    3087;   150809; 48,852932;63,93273;218; 47,912886; 58,46395; 88,27;100,00;100,00;3,383410e-01; 84,8288151; 31,647854
Oscar Bressane;Marília;Marília;    2616;    83957; 32,093654;63,90264;219; 49,727768; 58,30721; 87,32;100,00;100,00;1,282964e-01; 86,7506682; 28,987177
Glicério;Araçatuba;Araçatuba;    4800;    97062; 20,221250;63,87304;220; 52,631579; 61,91223; 66,28; 99,93; 99,93;1,602139e+00; 93,4453354; 35,253014
Brejo Alegre;Araçatuba;Araçatuba;    2812;   193425; 68,785562;63,84840;221; 52,450091; 62,22571; 92,33; 84,99; 84,99;2,510011e+00; 94,7944508; 36,496967
Lutécia;Marília;Assis;    2705;    92409; 34,162292;63,84601;222; 49,001815; 58,93417; 91,36;100,00;100,00;1,920151e+00; 88,0361461; 21,515780
Taciba;Presidente Prudente;Presidente Prudente;    6193;   152074; 24,555789;63,83116;223; 45,916515; 53,60502; 95,58; 99,91; 99,91;2,819003e+00; 87,1197658; 25,788989
Lupércio;Marília;Marília;    4573;    69516; 15,201400;63,81150;224; 53,720508; 62,69592; 89,67; 97,32; 97,32;1,272749e+00; 88,1634212; 20,329417
Morro Agudo;Franca;São Joaquim da Barra;   32220;  1328960; 41,246431;63,79487;225; 86,932849; 86,36364;100,00; 90,00; 90,00;0,000000e+00; 37,3934072; 19,669047
Presidente Prudente;Presidente Prudente;Presidente Prudente;  225271;  7806813; 34,655206;63,79123;226; 45,190563; 53,44828;100,00;100,00;100,00;3,120642e+00; 77,3832251; 31,187130
Flórida Paulista;Presidente Prudente;Adamantina;   14282;   196744; 13,775662;63,78595;227; 52,450091; 61,12853; 71,61;100,00;100,00;1,436223e+00; 90,5943744; 33,068417
Capão Bonito;Itapeva;Itapeva;   47463;   814415; 17,158945;63,75527;228; 50,453721; 59,56113; 88,76; 92,13; 92,13;3,347628e+00; 91,8543974; 31,805268
Areiópolis;Sorocaba;Botucatu;   11107;   134784; 12,135050;63,73552;229; 53,720508; 62,69592; 96,19; 95,60; 95,60;1,778197e+00; 80,8832888; 23,416264
Presidente Bernardes;Presidente Prudente;Presidente Prudente;   13420;   253922; 18,921162;63,70999;230; 48,820327; 58,30721; 86,11; 92,17; 92,17;1,779098e+00;100,0000000; 30,323274
Piratininga;Bauru;Bauru;   13335;   217591; 16,317285;63,66579;231; 48,457350; 57,83699; 88,93; 90,88; 90,88;2,908932e+00; 96,8944890; 32,538586
Gavião Peixoto;Região Administrativa Central;Araraquara;    4739;   839815;177,213547;63,66487;232; 90,562613; 90,28213;100,00; 61,86; 61,86;4,695631e-01; 36,3624793; 67,922138
Itobi;Campinas;São João da Boa Vista;    7853;   123341; 15,706227;63,62288;233; 51,724138; 61,12853; 90,54; 93,82; 93,82;9,374595e+00; 89,3598065; 19,216002
Borborema;Região Administrativa Central;Araraquara;   15791;   409114; 25,908049;63,59884;234; 71,687840; 79,31034; 90,13; 87,00; 87,00;5,739406e-01; 57,0446735; 36,043922
Altinópolis;Ribeirão Preto;Ribeirão Preto;   16219;   526939; 32,488994;63,58864;235; 89,110708; 91,22257; 87,37; 82,15; 82,15;1,835447e+00; 59,6665394; 15,203870
Icém;São José do Rio Preto;São José do Rio Preto;    8112;   179057; 22,073102;63,54635;236; 53,720508; 63,00940; 91,33; 91,43; 91,43;1,016032e+00; 96,7926690; 19,642172
Taguaí;Itapeva;Itapeva;   13111;   225749; 17,218290;63,53118;237; 51,724138; 61,28527; 87,62; 89,95; 89,95;6,256407e-01;100,0000000; 27,094371
Pirangi;Barretos;Barretos;   11323;   296223; 26,161176;63,49534;238; 70,417423; 76,95925;100,00; 95,33; 95,33;2,332478e-01; 53,3409698; 16,351839
Jaboticabal;Ribeirão Preto;Ribeirão Preto;   76563;  2752005; 35,944320;63,49091;239; 68,784029; 72,41379; 97,63; 94,04; 90,80;1,478744e-01; 51,8263968; 32,285188
Miguelópolis;Franca;Franca;   21973;  1121079; 51,020753;63,44649;240; 56,987296; 65,04702; 83,47;100,00;100,00;2,102317e+00; 76,8868525; 23,078400
Luís Antônio;Ribeirão Preto;Ribeirão Preto;   14021;  1323520; 94,395550;63,39944;241; 99,637024; 97,80564; 88,40; 74,62; 74,62;6,678194e-01; 67,6594120;  3,785610
Restinga;Franca;Franca;    7384;   166543; 22,554577;63,37820;242; 52,450091; 60,65831; 91,48; 97,35; 97,35;1,319140e+00; 88,6725213; 17,745527
Roseira;São José dos Campos;Guaratinguetá;   10512;   283507; 26,969844;63,33586;243; 52,268603; 62,38245; 93,20; 95,05; 95,05;4,173049e+00; 78,6432481; 25,919527
Sarutaiá;Itapeva;Itapeva;    3681;    64780; 17,598479;63,28077;244; 52,450091; 60,97179; 88,86; 89,23; 89,23;2,626825e-02;100,0000000; 25,478000
Boracéia;Bauru;Jaú;    4717;   279209; 59,192071;63,26581;245; 45,190563; 54,07524;100,00;100,00;100,00;1,892734e+00; 75,2704595; 29,697458
Ubarana;São José do Rio Preto;São José do Rio Preto;    6080;   349317; 57,453454;63,14289;246; 91,288566; 90,59561; 96,46; 70,00; 70,00;3,639952e-01; 68,3976072; 18,037319
Santos;Santos;Santos;  434742; 22532672; 51,829987;63,10358;247; 31,034483; 37,61755;100,00; 97,64; 97,64;3,429011e+00; 91,1034746; 46,364125
Jaborandi;Barretos;Barretos;    6917;   142101; 20,543733;63,08107;248; 54,264973; 63,63636; 81,62;100,00;100,00;1,646971e+00; 83,9378898; 19,542348
Rubinéia;São José do Rio Preto;Jales;    3102;    81574; 26,297228;63,07604;249; 52,087114; 62,53918;100,00; 78,41; 78,41;3,161269e+00;100,0000000; 30,000768
Santo Expedito;Presidente Prudente;Presidente Prudente;    3057;    38100; 12,463199;63,04876;250; 51,361162; 60,03135; 92,48; 87,21; 87,21;6,958820e+00; 94,9853634; 24,153421
Piraju;Itapeva;Itapeva;   29790;   700235; 23,505707;63,01816;251; 49,364791; 59,40439; 96,50; 96,84; 92,97;5,651447e+00; 74,0358916; 29,378791
Sandovalina;Presidente Prudente;Presidente Prudente;    4174;   396791; 95,062530;62,98256;252; 52,087114; 60,81505; 72,03;100,00;100,00;1,732863e+00; 92,3125875; 24,882899
Mira Estrela;São José do Rio Preto;Fernandópolis;    3045;    66657; 21,890640;62,96108;253; 51,179673; 59,56113; 62,69;100,00;100,00;6,716967e-01;100,0000000; 29,586117
Mococa;Campinas;São João da Boa Vista;   68994;  2228392; 32,298345;62,94735;254; 50,090744; 60,03135; 98,23; 93,18; 93,18;2,935650e+00; 77,6886852; 28,242340
Ocauçu;Marília;Marília;    4308;   124606; 28,924327;62,91953;255; 89,292196; 93,73041; 79,85; 83,48; 83,48;2,141991e+00; 49,4972636; 21,884358
Valinhos;Campinas;Campinas;  124024;  5734500; 46,237019;62,89155;256; 50,816697; 54,23197; 93,10;100,00;100,00;3,113089e+00; 70,6758305; 31,194809
Jaguariúna;Campinas;Campinas;   54204; 11346028;209,320862;62,80073;257; 69,872958; 74,29467; 97,11; 88,95; 76,35;7,500432e-01; 65,6993764; 29,378791
Santa Rita d'Oeste;São José do Rio Preto;Jales;    2544;    56605; 22,250393;62,79533;258; 89,473684; 96,39498; 72,55; 94,93; 94,93;1,213421e-01; 35,8024691; 18,160178
Votuporanga;São José do Rio Preto;Votuporanga;   92768;  2808057; 30,269673;62,76991;259; 53,539020; 51,41066;100,00; 79,82; 79,82;2,487693e+00; 85,3506427; 49,731245
Taubaté;São José dos Campos;Taubaté;  307953; 16799723; 54,552880;62,76145;260; 43,920145; 55,95611;100,00; 95,78; 95,78;2,340551e+00; 66,8957617; 41,419028
Nhandeara;São José do Rio Preto;Votuporanga;   11398;   318012; 27,900684;62,73861;261; 49,001815; 56,11285; 86,03; 97,51; 97,51;2,651220e+00; 94,9980909; 18,094909
Bernardino de Campos;Marília;Ourinhos;   11180;   236668; 21,168873;62,71147;262; 45,916515; 51,56740; 92,05;100,00;100,00;3,780514e-01; 85,2997327; 26,480074
Fernão;Marília;Marília;    1691;    46064; 27,240686;62,69862;263; 49,364791; 59,24765; 59,21;100,00;100,00;8,365270e+00;100,0000000; 25,401213
Pindamonhangaba;São José dos Campos;Taubaté;  164000;  7003490; 42,704207;62,67560;264; 47,731397; 57,99373;100,00; 93,71; 93,71;3,946293e+00; 72,8267787; 31,486601
Terra Roxa;Barretos;Barretos;    9227;   147580; 15,994364;62,60266;265; 51,724138; 61,28527; 82,78;100,00;100,00;1,781740e+00; 78,5668830; 24,683253
Pedranópolis;São José do Rio Preto;Fernandópolis;    2547;    63904; 25,089910;62,58155;266; 52,813067; 61,75549; 77,27; 95,11; 95,11;5,450411e-01;100,0000000; 18,048837
Pratânia;Sorocaba;Botucatu;    5126;   112344; 21,916504;62,57289;267; 52,087114; 61,12853; 91,54; 95,95; 95,95;1,489589e+00; 72,2413135; 30,196575
Silveiras;São José dos Campos;Cruzeiro;    6228;    67360; 10,815671;62,55741;268; 52,450091; 61,91223; 63,94; 90,58; 90,58;2,612712e+01;100,0000000; 14,869846
Álvaro de Carvalho;Marília;Marília;    5119;    49483;  9,666536;62,47401;269; 53,176044; 62,38245; 62,85;100,00;100,00;1,331624e+00; 95,7871961; 24,264762
Santa Cruz da Esperança;Ribeirão Preto;Ribeirão Preto;    2110;    55604; 26,352607;62,43715;270; 52,087114; 61,91223; 83,00; 96,46; 96,46;1,607331e+00; 92,3634975; 15,607003
Aparecida d'Oeste;São José do Rio Preto;Jales;    4329;   125464; 28,982213;62,40966;271; 40,471869; 41,37931; 89,16; 95,91; 95,91;2,788295e+00; 94,0817106; 39,576135
São Manuel;Sorocaba;Botucatu;   40692;  1104715; 27,148211;62,37967;272; 49,909256; 59,40439; 99,90; 92,89; 92,89;2,882254e+00; 69,5558101; 31,605621
Chavantes;Marília;Ourinhos;   12487;   211527; 16,939777;62,35286;273; 80,762250; 89,18495; 92,15; 89,60; 89,60;0,000000e+00; 37,1770396; 20,348614
Peruíbe;Santos;Santos;   66572;  1346872; 20,231809;62,30967;274; 42,468240; 48,11912; 96,66; 90,44; 90,44;2,644950e+01; 86,8652157; 17,035245
Lagoinha;São José dos Campos;Taubaté;    4943;    54614; 11,048756;62,29871;275; 55,535390; 64,89028; 64,33;100,00;100,00;1,533291e+00; 98,0908744; 14,009829
Igarapava;Franca;Franca;   30073;  1076232; 35,787318;62,23323;276; 49,183303; 58,93417; 94,17; 94,39; 94,39;1,558319e+00; 78,1341479; 27,105890
Óleo;Marília;Ourinhos;    2583;    88221; 34,154472;62,20102;277; 50,635209; 60,81505; 88,38; 90,36; 90,36;1,902352e+01; 77,0523100; 20,982109
Timburi;Marília;Ourinhos;    2690;    47738; 17,746468;62,19756;278; 50,635209; 60,03135; 69,66;100,00;100,00;4,672309e+00;100,0000000; 12,581586
Rifaina;Franca;Franca;    3618;   111766; 30,891653;62,13425;279; 48,457350; 58,93417; 85,93; 92,19; 92,19;6,311393e+00; 98,4599720; 14,601090
Torrinha;Campinas;Rio Claro;    9934;   213334; 21,475136;62,10914;280; 49,364791; 56,42633; 91,98; 98,38; 98,38;3,197612e+00; 71,8849434; 27,259464
Botucatu;Sorocaba;Botucatu;  142546;  4290669; 30,100241;62,10694;281; 46,279492; 56,42633;100,00; 92,56; 92,56;7,318500e+00; 69,8867252; 31,824464
Taquaritinga;Região Administrativa Central;Araraquara;   56951;  1469101; 25,795877;62,09020;282; 74,954628; 74,45141; 94,78; 80,00; 80,00;4,789014e-01; 68,9321624; 23,124472
Espírito Santo do Turvo;Marília;Ourinhos;    4713;    71536; 15,178443;62,05386;283; 49,909256; 59,71787; 83,05; 99,31; 99,31;7,804037e-01; 75,5504646; 28,802887
Euclides da Cunha Paulista;Presidente Prudente;Presidente Prudente;    9559;   109935; 11,500680;62,05316;284; 50,816697; 60,97179; 67,94; 96,36; 96,36;7,052440e-01; 93,3053328; 29,966214
Guaraçaí;Araçatuba;Andradina;    8466;   228993; 27,048547;62,01243;285; 69,872958; 74,92163; 78,88; 84,03; 84,03;3,094873e-01; 76,8995800; 27,155801
Onda Verde;São José do Rio Preto;São José do Rio Preto;    4286;   122671; 28,621325;61,98910;286; 46,823956; 53,76176; 98,04; 90,99; 90,99;1,154874e+00; 89,9834542; 24,168778
Pederneiras;Bauru;Bauru;   45708;  1723581; 37,708519;61,97239;287; 47,549909; 56,73981; 98,94; 94,99; 94,99;2,450806e+00; 68,6012473; 31,517316
Dourado;Região Administrativa Central;São Carlos;    8909;   595049; 66,791896;61,94349;288; 50,453721; 60,03135; 97,88; 99,50; 99,50;1,243994e+00; 66,8321242; 20,106734
Avaí;Bauru;Bauru;    5337;   263902; 49,447630;61,93561;289; 47,731397; 56,89655; 62,47; 97,99; 97,99;8,511897e-01;100,0000000; 31,555709
Buritizal;Franca;Franca;    4408;   178048; 40,392015;61,92404;290; 51,179673; 60,81505; 81,72;100,00;100,00;1,131372e+00; 83,6069747; 16,939261
Castilho;Araçatuba;Andradina;   20362;  1001129; 49,166536;61,87932;291; 42,286751; 52,19436; 74,71; 98,53; 98,53;9,440176e+00; 76,2886598; 43,054596
Cesário Lange;Sorocaba;Itapetininga;   17587;   419188; 23,835105;61,86588;292; 48,820327; 59,24765; 84,48; 78,45; 78,45;3,288766e+01; 95,2144584; 17,376948
Itaí;Itapeva;Itapeva;   26526;   587796; 22,159240;61,86503;293; 51,542650; 60,65831; 67,65; 98,15; 98,15;2,269960e+00; 92,2998600; 24,199493
Agudos;Bauru;Bauru;   36880;  2063022; 55,938774;61,76659;294; 41,197822;100,00000;100,00; 91,11; 65,67;7,444240e+00; 74,3668067; 14,343853
Orindiúva;São José do Rio Preto;São José do Rio Preto;    6731;   438061; 65,081117;61,76313;295; 49,001815; 56,42633; 86,10; 88,80; 88,80;4,278925e+00; 91,4343897; 29,263611
Americana;Campinas;Campinas;  233868; 10382873; 44,396296;61,72656;296; 65,154265; 64,42006;100,00;100,00; 64,56;3,771906e+00; 62,4538628; 33,452354
Pedregulho;Franca;Franca;   16645;   973303; 58,474196;61,71464;297; 51,179673; 60,97179; 78,35; 94,13; 94,13;5,761210e+00; 89,7289042; 19,465561
Santa Cruz do Rio Pardo;Marília;Ourinhos;   47148;  2042409; 43,319102;61,55730;298; 47,005445; 56,26959; 99,77; 95,37; 95,37;3,690663e+00; 60,0483645; 34,934347
Fartura;Itapeva;Itapeva;   16028;   388647; 24,248003;61,55418;299; 48,457350; 58,15047; 88,80; 93,99; 93,99;3,840193e-01; 79,6359934; 29,025570
Motuca;Região Administrativa Central;Araraquara;    4676;    87132; 18,633875;61,46858;300; 96,007260; 93,57367;100,00; 76,75; 53,35;0,000000e+00; 62,2120402;  9,855640
Cássia dos Coqueiros;Ribeirão Preto;Ribeirão Preto;    2591;   139851; 53,975685;61,38274;301; 49,183303; 60,34483; 81,94; 91,78; 91,78;3,227096e+00; 93,0762377; 19,730477
Pirajuí;Bauru;Bauru;   24973;   450364; 18,034037;61,34391;302; 84,029038; 88,08777; 99,45; 86,38; 31,67;1,848124e-01; 66,1957490; 34,753897
Paulistânia;Bauru;Bauru;    1841;    36487; 19,819120;61,34363;303; 50,272232; 60,03135; 67,25;100,00;100,00;3,802117e+00; 93,8017055; 15,591646
Itatinga;Sorocaba;Botucatu;   20158;   311156; 15,435857;61,32422;304; 51,724138; 60,81505; 83,36; 98,54; 98,54;2,492947e+00; 67,3284969; 27,793135
Itapura;Araçatuba;Andradina;    4802;   101885; 21,217201;61,31141;305; 73,502722; 86,20690; 77,37; 78,12; 78,12;1,833189e-01; 84,5488100; 12,439530
Sertãozinho;Ribeirão Preto;Ribeirão Preto;  122643;  5362996; 43,728513;61,30489;306; 78,039927; 78,99687; 99,64; 80,00; 80,00;4,222476e-01; 52,2082220; 21,131844
Ubirajara;Bauru;Bauru;    4734;    89199; 18,842205;61,29832;307; 50,090744; 59,40439; 76,38; 86,41; 86,41;6,105885e+00;100,0000000; 25,585503
Leme;Campinas;Limeira;  101184;  2978265; 29,434150;61,26843;308; 54,627949; 62,53918; 97,94; 98,32; 98,32;1,954770e+00; 36,5661194; 39,879444
Porto Feliz;Sorocaba;Sorocaba;   52507;  1926483; 36,690022;61,22163;309; 48,457350; 56,73981;100,00; 99,78; 80,05;7,968245e+00; 64,5539010; 32,223758
Elias Fausto;Campinas;Piracicaba;   17393;   632336; 36,355775;61,09059;310; 46,823956; 55,79937; 83,16;100,00;100,00;3,031550e+00; 87,3743159; 12,535514
Espírito Santo do Pinhal;Campinas;São João da Boa Vista;   44170;  1259012; 28,503781;61,09016;311; 48,457350; 58,93417; 88,11; 94,38; 94,38;3,019580e+00; 76,7723050; 24,667895
Águas da Prata;Campinas;São João da Boa Vista;    8104;   153773; 18,974951;61,08280;312; 51,179673; 61,28527; 94,51; 95,61; 93,07;6,701910e+00; 72,1267659; 14,178761
Macatuba;Bauru;Bauru;   17111;   608514; 35,562737;61,08034;313; 58,802178; 69,43574; 97,03;100,00; 80,00;0,000000e+00; 41,5680285; 41,806803
Palestina;São José do Rio Preto;São José do Rio Preto;   12542;   398720; 31,790783;61,07671;314; 43,194192; 54,85893; 82,31; 85,92; 80,15;6,337112e+00; 94,1326206; 41,710819
Buri;Itapeva;Itapeva;   19737;   368506; 18,670821;61,07293;315; 51,179673; 61,12853; 85,45; 86,08; 86,08;1,983444e+00; 90,5434644; 26,138371
Jaú;Bauru;Jaú;  146338;  4560371; 31,163273;61,04977;316; 54,809437; 56,26959; 96,89;100,00;100,00;4,849479e+00; 54,5246277; 21,055056
Limeira;Campinas;Limeira;  300911; 12154751; 40,393176;60,93559;317; 30,308530; 34,95298; 97,02;100,00;100,00;1,026970e+01; 82,9324170; 32,001075
Tapiratiba;Campinas;São João da Boa Vista;   13062;   326219; 24,974659;60,90965;318; 85,117967; 85,73668; 82,47; 79,98; 64,09;0,000000e+00; 54,2955326; 35,587038
São José dos Campos;São José dos Campos;São José dos Campos;  703219; 39829404; 56,638692;60,84744;319; 47,186933; 55,95611;100,00; 94,16; 94,15;1,648337e+00; 62,6829579; 30,995162
Várzea Paulista;Campinas;Jundiaí;  118917;  2658620; 22,356938;60,76934;320; 50,090744; 59,09091; 93,98; 99,09; 99,09;1,996374e+00; 65,4320988; 17,384627
Balbinos;Bauru;Bauru;    5188;    54394; 10,484580;60,75998;321; 54,083485; 64,42006; 32,18; 99,32; 99,32;3,876026e+00;100,0000000; 32,880289
Lorena;São José dos Campos;Guaratinguetá;   87980;  2439667; 27,729791;60,73474;322; 48,820327; 58,15047;100,00; 92,79; 92,79;1,851058e+00; 59,5901744; 31,885894
Ribeirão Corrente;Franca;Franca;    4644;    86851; 18,701766;60,73181;323; 50,635209; 60,34483; 77,62; 99,55; 99,55;3,792569e-01; 77,6377752; 20,137449
Itapuí;Bauru;Jaú;   13618;   621978; 45,673227;60,71131;324; 84,392015; 90,43887; 95,54; 84,56;  0,00;0,000000e+00; 96,3090238; 34,450587
Águas de Lindóia;Campinas;Bragança Paulista;   18509;   472984; 25,554271;60,68987;325; 62,794918; 62,06897; 99,10;100,00; 60,91;2,006577e+00; 72,4194985; 26,218997
Mongaguá;Santos;Santos;   54257;   986035; 18,173415;60,67019;326; 45,009074; 51,56740; 92,11; 87,26; 87,26;1,701509e+01; 87,6670485; 17,472933
Álvares Florence;São José do Rio Preto;Votuporanga;    3795;   105911; 27,908037;60,61013;327; 51,179673; 53,91850; 67,94; 80,00; 80,00;0,000000e+00;100,0000000; 51,842893
Mineiros do Tietê;Bauru;Jaú;   12812;   183029; 14,285748;60,59086;328; 51,724138; 56,11285; 95,53; 79,60; 79,60;8,595958e-01; 80,6414662; 40,658834
Gália;Marília;Marília;    6776;   137857; 20,344894;60,52864;329; 51,905626; 60,81505; 80,62;100,00;100,00;9,493599e-01; 64,6684485; 25,270675
Bananal;São José dos Campos;Cruzeiro;   10867;   202204; 18,607159;60,48128;330; 51,905626; 61,75549; 77,61; 87,28; 87,28;2,504452e+00; 99,7963599; 15,718344
Santa Rita do Passa Quatro;Região Administrativa Central;São Carlos;   27590;   641179; 23,239543;60,43782;331; 71,143376; 82,44514;100,00; 79,76; 34,82;4,059949e+00; 80,7051037; 30,568993
Ribeirão do Sul;Marília;Ourinhos;    4571;   141944; 31,053161;60,31005;332; 52,268603; 61,28527; 76,75; 93,95; 93,95;5,276756e-01; 77,7141403; 26,034708
Itaberá;Itapeva;Itapeva;   17879;   535071; 29,927345;60,26524;333; 51,361162; 61,12853; 75,12; 88,01; 88,01;2,276001e+00; 90,7343770; 25,481840
Hortolândia;Campinas;Campinas;  222186; 12928628; 58,188311;60,24680;334; 47,005445; 52,97806;100,00; 83,44; 83,44;1,375985e+00; 74,0358916; 39,698994
Indiana;Presidente Prudente;Presidente Prudente;    4931;    61216; 12,414520;60,21449;335; 91,833031; 99,84326; 85,53; 46,96; 46,96;0,000000e+00; 98,9563447; 11,633264
Cerquilho;Sorocaba;Itapetininga;   46733;  1743257; 37,302484;60,19538;336; 60,980036; 63,63636; 91,27; 82,66; 82,66;1,389323e+00; 63,6375207; 35,329801
Orlândia;Franca;São Joaquim da Barra;   43306;  1781347; 41,133954;60,17961;337; 74,047187; 75,23511; 98,50;100,00; 93,75;1,982797e+00; 17,9839633; 19,937802
Arealva;Bauru;Bauru;    8452;   213435; 25,252603;60,16821;338; 51,542650; 61,44201; 69,17; 89,46; 89,46;2,402609e+00; 95,5962836; 22,272134
Arandu;Itapeva;Itapeva;    6368;   119198; 18,718279;60,13962;339; 49,183303; 59,56113; 65,53;100,00;100,00;3,155477e+00; 70,5994654; 33,087614
Arapeí;São José dos Campos;Cruzeiro;    2509;    29090; 11,594261;60,10575;340; 52,450091; 62,06897; 84,71; 86,27; 86,27;2,603808e+00;100,0000000;  6,473163
Itu;Sorocaba;Sorocaba;  170157;  7572821; 44,504904;60,05622;341; 57,350272; 62,38245;100,00; 89,66; 89,66;1,724506e+00; 47,3335879; 32,338939
Mirassol;São José do Rio Preto;São José do Rio Preto;   58760;  1956637; 33,298792;60,00286;342; 44,283122; 49,84326; 95,89; 90,69; 72,55;1,318631e+01; 80,4887362; 33,091454
Bofete;Sorocaba;Botucatu;   11236;   164471; 14,637860;59,99518;343; 52,268603; 61,59875; 59,47; 93,13; 93,13;2,792357e+00; 99,9490900; 17,622668
Duartina;Bauru;Bauru;   12549;   251939; 20,076420;59,94506;344; 34,301270; 31,34796; 97,98; 99,64; 99,64;8,908723e-01; 93,3307878; 22,429548
Murutinga do Sul;Araçatuba;Andradina;    4453;    59608; 13,386032;59,92026;345; 82,032668; 85,26646; 57,61; 65,00; 65,00;2,828897e-01; 97,9126893; 26,257391
Panorama;Presidente Prudente;Dracena;   15619;   270175; 17,297842;59,86468;346; 78,584392; 78,52665; 96,22; 49,94; 49,94;0,000000e+00; 99,8981800; 25,808186
Cajobi;Barretos;Barretos;   10444;   152695; 14,620356;59,85711;347; 80,762250; 86,20690;100,00;100,00;  0,00;0,000000e+00; 85,9106529; 25,977117
Herculândia;Marília;Tupã;    9397;   302366; 32,176865;59,84932;348; 97,096189; 96,86520; 91,09; 39,50; 39,50;0,000000e+00;100,0000000; 14,743147
Registro;Registro;Registro;   56430;  1950928; 34,572532;59,81831;349; 39,564428; 45,14107; 96,49; 91,44; 91,44;3,670515e+00; 80,7305587; 30,069876
Nova Campina;Itapeva;Itapeva;    9504;   235565; 24,785880;59,80449;350; 52,994555; 62,22571; 54,16; 95,56; 95,56;1,164641e+00; 97,7854143; 18,985641
Barretos;Barretos;Barretos;  120638;  4443581; 36,834008;59,73570;351; 37,205082; 59,56113;100,00; 99,50; 99,50;1,180356e+00; 55,2882780; 25,650772
Potim;São José dos Campos;Guaratinguetá;   23360;   226293;  9,687200;59,71313;352; 92,377495; 85,73668; 75,83; 79,38;  0,00;0,000000e+00; 80,9469263; 63,433925
Cachoeira Paulista;São José dos Campos;Guaratinguetá;   32773;   591381; 18,044762;59,66599;353; 46,279492; 59,24765; 95,06; 84,73; 84,73;2,800395e+00; 83,5942472; 20,886125
Itaporanga;Itapeva;Itapeva;   15165;   309107; 20,382921;59,61988;354; 51,179673; 60,50157; 83,74; 84,34; 84,34;1,496939e+00; 91,3962072; 19,964678
Santa Gertrudes;Campinas;Rio Claro;   25637;  1571921; 61,314545;59,48922;355; 53,176044; 56,73981; 97,10; 77,35; 77,13;1,963521e+00; 79,9541810; 32,500192
Brodowski;Ribeirão Preto;Ribeirão Preto;   24092;   639372; 26,538768;59,47748;356; 58,257713; 71,31661;100,00; 84,55; 84,55;0,000000e+00; 47,9317806; 29,213699
Itapetininga;Sorocaba;Itapetininga;  160070;  4458857; 27,855669;59,23989;357; 49,001815; 58,30721; 93,31; 86,09; 86,09;3,052088e+00; 66,5775741; 31,490440
Canas;São José dos Campos;Guaratinguetá;    4975;   256730; 51,604020;59,16584;358; 50,090744; 61,59875; 93,24; 78,64; 78,64;3,652257e+00; 81,7105766; 25,754434
Marabá Paulista;Presidente Prudente;Presidente Prudente;    5611;   120632; 21,499198;59,15714;359; 50,453721; 60,18809; 37,12;100,00;100,00;2,171716e-01; 99,1090747; 26,169085
Penápolis;Araçatuba;Araçatuba;   62738;  1580120; 25,186012;59,15138;360; 61,887477; 69,74922; 95,51; 80,00; 80,00;2,867035e+00; 64,1848034; 19,012516
Mogi Guaçu;Campinas;Campinas;  149396;  5557420; 37,199256;59,05970;361; 69,691470; 74,13793; 94,94; 80,00; 60,00;2,146940e+00; 59,2338043; 32,327421
Mirandópolis;Araçatuba;Andradina;   29315;   616045; 21,014668;59,01200;362; 80,399274; 83,22884; 98,41; 80,85; 69,70;4,532526e-01; 25,6713758; 33,383245
Avanhandava;Araçatuba;Araçatuba;   13112;   428072; 32,647346;58,99179;363; 71,687840; 80,72100; 84,55; 80,00; 80,00;1,268390e+00; 53,6464299; 20,060662
Lençóis Paulista;Bauru;Bauru;   67185;  2569703; 38,248166;58,93150;364; 69,328494; 74,76489; 97,76; 87,21; 75,61;2,066402e+00; 34,9879089; 29,724334
Morungaba;Campinas;Jundiaí;   13232;   424901; 32,111623;58,91726;365; 41,197822; 44,98433; 86,13; 98,37; 98,37;1,243414e+00; 75,7795596; 25,262996
Anhembi;Sorocaba;Botucatu;    6484;   154450; 23,820173;58,91623;366; 51,361162; 60,81505; 76,84;100,00;100,00;4,389801e+00; 63,3956981; 14,528143
Tatuí;Sorocaba;Itapetininga;  118939;  3841153; 32,295151;58,86536;367; 47,731397; 56,89655;100,00; 86,39; 77,01;3,157443e+00; 66,0048365; 33,732627
Marapoama;São José do Rio Preto;Catanduva;    2949;   173054; 58,682265;58,80290;368; 87,840290;100,00000; 97,36;100,00;  0,00;3,911833e-02; 49,0899835; 36,093834
Suzanápolis;Araçatuba;Andradina;    3836;   260620; 67,940563;58,79204;369; 86,932849; 87,30408; 66,48; 56,69; 56,69;6,784842e-01;100,0000000; 15,560931
Ribeirão Preto;Ribeirão Preto;Ribeirão Preto;  682302; 35315843; 51,759841;58,78003;370; 46,460980; 42,63323; 99,19;100,00; 99,03;3,456199e-01; 29,9350897; 52,645320
Serra Negra;Campinas;Bragança Paulista;   28742;   720861; 25,080405;58,73825;371; 47,005445; 56,42633; 78,30; 81,27; 81,27;1,439991e+01; 94,3871707; 16,847117
Vinhedo;Campinas;Campinas;   75129;  8729936;116,199284;58,73204;372; 39,382940; 51,72414; 92,02; 88,54; 88,54;6,919126e+00; 66,8321242; 35,898027
São Sebastião da Grama;Campinas;São João da Boa Vista;   12317;   326759; 26,529106;58,69490;373; 48,094374; 57,52351;100,00; 80,11; 80,11;6,484386e+00; 63,8920708; 33,344851
Praia Grande;Santos;Santos;  310024;  6688614; 21,574504;58,67373;374; 46,279492; 51,25392; 91,27; 68,68; 68,68;1,666955e+01;100,0000000; 26,556861
Mirante do Paranapanema;Presidente Prudente;Presidente Prudente;   18130;   412278; 22,740099;58,64969;375; 50,816697; 60,18809; 58,17; 87,90; 87,90;5,825108e+00; 94,0944381; 24,303156
Tanabi;São José do Rio Preto;São José do Rio Preto;   25723;   938476; 36,483925;58,62581;376; 80,580762; 81,97492; 90,36;100,00;  0,00;0,000000e+00;100,0000000; 16,090762
Cosmópolis;Campinas;Campinas;   69086;  1575661; 22,807240;58,53899;377; 73,502722; 83,69906; 94,37; 98,31;  0,00;1,120535e+00; 61,7156676; 55,593949
Piracicaba;Campinas;Piracicaba;  397322; 21896872; 55,111149;58,47946;378; 32,304900; 38,08777;100,00;100,00;100,00;1,666625e+01; 39,9643630; 40,812409
Nova Aliança;São José do Rio Preto;São José do Rio Preto;    6733;   190535; 28,298678;58,43140;379; 82,214156; 90,12539;100,00; 79,85; 59,95;0,000000e+00; 20,5040092; 34,807648
Sorocaba;Sorocaba;Sorocaba;  659871; 31852858; 48,271341;58,42899;380; 38,112523; 35,42320; 98,49; 84,76; 82,42;6,553170e+00; 60,4429171; 61,230131
Santo Antônio de Posse;Campinas;Campinas;   22801;  1043905; 45,783299;58,41756;381; 73,502722; 78,52665; 99,63; 86,12; 68,89;9,343612e-01; 38,8697976; 20,866928
Araraquara;Região Administrativa Central;Araraquara;  230770;  9009108; 39,039338;58,33914;382; 43,920145; 48,43260; 96,98;100,00;100,00;6,604946e+00; 36,4515718; 34,323889
Palmital;Marília;Assis;   22196;   690855; 31,125203;58,29535;383; 65,517241; 68,65204; 91,70; 73,24; 73,24;1,373824e+00; 66,0175640; 26,622130
Valparaíso;Araçatuba;Araçatuba;   25632;   989934; 38,621021;58,26819;384; 66,424682; 75,86207;100,00; 80,00; 80,00;8,238394e-01; 33,7406135; 29,294325
Tietê;Sorocaba;Sorocaba;   41022;  1739795; 42,411267;58,19998;385; 67,695100; 74,13793; 90,91; 99,80; 59,88;7,320979e-01; 51,1900216; 21,254703
Getulina;Bauru;Lins;   11362;   195118; 17,172857;58,16744;386; 85,117967; 91,84953; 77,12;100,00; 92,31;2,198327e-01; 18,7221586;  0,000000
Barrinha;Ribeirão Preto;Ribeirão Preto;   31921;   468976; 14,691770;58,16738;387; 90,744102; 93,41693; 98,89; 79,90;  0,00;0,000000e+00; 61,8174876; 40,570529
Laranjal Paulista;Sorocaba;Botucatu;   27890;  1007472; 36,123055;58,11718;388; 49,364791; 59,87461; 90,51; 93,47; 93,47;5,906322e+00; 51,7627593; 20,578976
Paranapanema;Itapeva;Itapeva;   19730;   593650; 30,088697;58,11654;389; 46,460980; 56,73981; 70,17; 81,95; 81,95;3,408305e+00;100,0000000; 24,253244
Tremembé;São José dos Campos;Taubaté;   45904;   768606; 16,743770;58,10453;390; 41,379310; 49,84326;100,00; 81,64; 81,64;4,373624e+00; 82,3978618; 23,562159
Ipeúna;Campinas;Rio Claro;    7177;   697972; 97,251219;58,04372;391; 60,072595; 69,90596; 86,07; 69,27; 69,27;2,339195e+00; 62,6320479; 44,789987
Tapiraí;Sorocaba;Sorocaba;    7973;   145686; 18,272419;57,91651;392; 45,190563; 51,25392; 67,68; 93,68; 93,68;4,890595e-01; 92,7453226; 18,613223
Bom Sucesso de Itararé;Itapeva;Itapeva;    3888;    52971; 13,624228;57,90193;393; 51,724138; 61,59875; 58,04; 95,62; 95,62;2,172487e+00; 79,3814433; 19,058589
Pilar do Sul;Sorocaba;Sorocaba;   28718;   640684; 22,309492;57,76680;394; 49,364791; 59,09091; 88,84; 73,64; 73,64;3,153507e+00; 88,4434262; 25,961760
Itapeva;Itapeva;Itapeva;   93570;  2371573; 25,345442;57,72466;395; 49,364791; 58,77743; 92,06; 82,04; 79,93;2,699411e+00; 65,1011837; 31,824464
Louveira;Campinas;Jundiaí;   45922; 13805962;300,639389;57,71043;396; 62,431942; 80,40752; 96,54; 70,80; 70,80;4,876856e+00; 54,2191676; 21,607924
Américo Brasiliense;Região Administrativa Central;Araraquara;   39189;   948260; 24,197096;57,67482;397; 78,947368; 87,61755;100,00; 82,20;  0,00;9,527315e+00; 89,5379916; 13,568302
Itaju;Bauru;Jaú;    3703;   107728; 29,092087;57,48693;398; 90,562613; 93,57367; 68,75; 80,95; 80,95;0,000000e+00; 33,0151457; 12,093988
Jundiaí;Campinas;Jundiaí;  409497; 41227953;100,679499;57,39287;399; 31,578947; 29,78056; 99,07;100,00;100,00;2,996446e+00; 67,7357770; 27,981264
Florínia;Marília;Assis;    2758;   231650; 83,992023;57,35261;400;  8,166969; 27,42947; 85,96;100,00;100,00;2,229257e+00; 92,1725850; 42,862628
Itararé;Itapeva;Itapeva;   50379;   875364; 17,375573;57,32671;401; 52,087114; 61,91223; 89,36; 93,02; 53,86;5,680200e+00; 80,7560137; 21,938109
Paulínia;Campinas;Campinas;  102499; 35346490;344,847169;57,30007;402; 39,201452; 53,60502;100,00; 81,86; 80,28;1,738585e+00; 67,9521446; 33,763342
Viradouro;Barretos;Barretos;   18654;   356142; 19,091991;57,26259;403; 87,114338; 89,34169; 97,85;100,00; 12,21;0,000000e+00; 49,5736286; 22,011057
Pedreira;Campinas;Campinas;   46598;  1128534; 24,218507;57,25885;404; 64,428312; 67,39812; 97,57; 78,74; 61,01;2,059073e+00; 51,4318442; 35,433464
Garça;Marília;Marília;   44582;  1159125; 25,999843;57,17714;405; 47,186933; 50,62696; 90,90; 79,99; 79,99;5,751494e+00; 62,2629502; 40,708746
Águas de São Pedro;Campinas;Piracicaba;    3268;   125146; 38,294370;57,16548;406; 33,393829; 44,82759; 97,19; 95,90; 95,90;1,094672e+01; 60,9901998; 18,175536
Santo Antônio do Jardim;Campinas;São João da Boa Vista;    6029;   137160; 22,750041;57,15204;407; 50,998185; 60,81505; 61,34; 96,32; 96,32;9,132189e-01; 69,5430826; 20,966751
Pardinho;Sorocaba;Botucatu;    6259;   283090; 45,229270;57,12536;408; 50,090744; 60,81505; 75,16; 86,31; 86,31;2,950260e+00; 76,4541173; 18,912693
Itatiba;Campinas;Jundiaí;  116503;  5566364; 47,778718;57,11164;409; 44,283122; 53,76176; 87,77; 82,61; 82,61;3,217484e+00; 73,9722540; 28,668510
Boituva;Sorocaba;Itapetininga;   57910;  2696866; 46,569953;57,07018;410; 51,361162; 61,91223; 84,14; 73,84; 73,84;2,862906e+00; 85,6688303; 22,936343
Pitangueiras;Ribeirão Preto;Ribeirão Preto;   38889;  1183500; 30,432770;56,99279;411; 95,644283; 96,23824; 98,83; 96,44;  0,00;0,000000e+00; 61,8174876;  6,972280
Jumirim;Sorocaba;Sorocaba;    3237;   103933; 32,107816;56,92239;412; 67,513612; 77,27273; 97,65; 55,36; 55,36;2,640386e-01; 80,8960163; 21,062735
Ipuã;Franca;São Joaquim da Barra;   15932;   379295; 23,807118;56,91544;413; 80,580762; 85,57994;100,00; 60,00; 60,00;1,091665e+00; 32,0733104; 35,997850
Angatuba;Itapeva;Itapeva;   24634;   963361; 39,106966;56,87151;414; 48,820327; 58,77743; 80,24; 82,68; 82,68;3,628542e+00; 77,0523100; 21,093450
Pirassununga;Campinas;Limeira;   75474;  2605700; 34,524472;56,86710;415; 55,353902; 49,84326; 91,63; 80,81; 80,56;4,158109e+00; 58,9410717; 33,640482
Bragança Paulista;Campinas;Bragança Paulista;  164163;  5672443; 34,553724;56,84785;416; 45,553539; 56,26959; 95,02; 70,29; 70,29;4,497368e+00; 85,3379152; 27,524380
Guararapes;Araçatuba;Araçatuba;   32654;   987256; 30,233846;56,75955;417; 90,925590; 87,93103; 92,55; 48,50; 40,12;7,159913e-01; 80,5141912; 12,819627
Poá;São Paulo;São Paulo;  115488;  4216622; 36,511343;56,75762;418; 31,760436; 33,85580;100,00; 87,24; 75,51;3,405814e+00; 78,6814306; 43,607464
Monte Mor;Campinas;Campinas;   57240;  2917997; 50,978284;56,75619;419; 48,820327; 58,15047;100,00; 72,60; 72,60;4,409588e+00; 80,6796487; 16,789526
Santa Bárbara d'Oeste;Campinas;Campinas;  191889;  5494890; 28,635774;56,72259;420; 59,528131; 62,85266;100,00; 99,59; 55,39;1,399043e+01; 34,9242714; 27,505183
Serra Azul;Ribeirão Preto;Ribeirão Preto;   13810;   165106; 11,955539;56,70863;421; 52,087114; 61,59875; 56,01; 90,93; 90,93;3,903701e+00; 75,9450172; 22,264455
São Luís do Paraitinga;São José dos Campos;Taubaté;   10740;   172868; 16,095717;56,63543;422; 51,542650; 60,65831; 57,69; 87,26; 87,26;3,176610e+00; 90,8871070; 14,608769
Iporanga;Itapeva;Itapeva;    4299;    50487; 11,743894;56,55592;423; 46,823956; 51,88088; 52,27;100,00;100,00;1,214361e+00; 92,6562301;  7,601935
Santa Cruz das Palmeiras;Campinas;São João da Boa Vista;   33455;   501910; 15,002541;56,52880;424; 86,751361; 92,47649; 96,89;100,00;  0,00;2,464586e-03; 42,6116838; 33,498426
Jacupiranga;Registro;Registro;   17900;   604720; 33,783240;56,40227;425; 41,560799; 46,70846; 65,65; 90,91; 85,11;3,093504e+00; 88,9525264; 29,232896
Cabrália Paulista;Bauru;Bauru;    4352;    84475; 19,410616;56,25694;426; 71,143376; 73,66771; 88,12; 61,52; 61,52;0,000000e+00; 67,8885071; 26,195961
Joanópolis;Campinas;Bragança Paulista;   12947;   207714; 16,043408;56,23087;427; 50,090744; 60,34483; 69,52; 69,88; 69,22;8,465514e+00;100,0000000; 22,325885
Caraguatatuba;São José dos Campos;Caraguatatuba;  116786;  2928286; 25,073947;56,21793;428; 36,479129; 42,78997; 80,29; 85,63; 85,63;4,309043e+00; 88,6343388; 25,980957
Conchas;Sorocaba;Botucatu;   17638;   344263; 19,518256;56,19730;429; 48,457350; 59,56113; 71,73; 88,75; 88,75;5,213818e+00; 76,2122948; 10,903786
Indaiatuba;Campinas;Campinas;  239602; 13489932; 56,301417;56,17824;430; 47,912886; 49,05956; 98,36; 85,00; 44,04;1,225387e+01; 76,0722922; 36,727329
Divinolândia;Campinas;São João da Boa Vista;   11384;   299836; 26,338370;56,16240;431; 49,546279; 60,03135; 74,24; 84,53; 76,01;2,465168e+00; 81,2523864; 21,223988
Cafelândia;Bauru;Lins;   17645;   468342; 26,542477;56,08437;432; 76,950998; 83,85580; 86,65;100,00;  0,00;0,000000e+00; 63,6884307; 37,529755
Cananéia;Registro;Registro;   12609;   258772; 20,522801;56,07288;433; 38,112523; 44,35737; 84,13; 82,21; 82,21;4,726668e+00; 93,7126130; 19,123858
Redenção da Serra;São José dos Campos;Taubaté;    3908;    57031; 14,593398;56,05275;434; 51,905626; 62,22571; 46,26; 89,67; 89,67;1,953167e+00; 96,3981163; 10,339400
Serrana;Ribeirão Preto;Ribeirão Preto;   43790;   941115; 21,491551;55,86250;435; 84,029038; 90,43887;100,00;100,00;  0,00;0,000000e+00; 19,9058165; 52,526300
Pompéia;Marília;Marília;   21674;   825898; 38,105472;55,80675;436; 38,838475; 60,50157; 93,04; 80,00; 80,00;2,111203e+00; 65,0757286; 26,887046
Ibirarema;Marília;Assis;    7540;   180413; 23,927454;55,78772;437; 57,713249; 66,30094; 92,37; 84,92; 84,92;0,000000e+00; 34,8606338; 25,216924
São Miguel Arcanjo;Sorocaba;Itapetininga;   32910;   676363; 20,551899;55,76420;438; 50,453721; 60,03135; 71,50; 77,91; 77,91;3,439583e+00; 77,6632302; 27,205713
Riolândia;São José do Rio Preto;Votuporanga;   12086;   226354; 18,728612;55,72955;439; 18,874773; 35,89342; 74,04; 91,78; 91,78;3,937803e+00; 93,6362479; 35,894187
Pariquera-Açu;Registro;Registro;   19537;   526936; 26,971183;55,56046;440; 39,564428; 45,29781; 73,91; 89,89; 89,89;5,286345e+00; 77,5359552; 23,109115
Barão de Antonina;Itapeva;Itapeva;    3406;    79652; 23,385790;55,55068;441; 52,631579; 62,53918; 75,39; 77,41; 77,41;1,841184e+00; 84,6633575; 12,520157
Olímpia;Barretos;Barretos;   54037;  2072343; 38,350445;55,52730;442; 63,702359; 62,53918; 94,44; 80,00; 23,97;9,089584e+00; 72,2794960; 38,197804
Caçapava;São José dos Campos;São José dos Campos;   92587;  4075123; 44,013987;55,46293;443; 46,642468; 58,15047;100,00; 75,14; 74,54;2,545956e+00; 66,2975690; 20,387008
Guarulhos;São Paulo;São Paulo; 1349113; 55743650; 41,318741;55,34183;444; 48,820327; 56,58307; 99,94; 83,05;  7,42;1,614972e+00; 64,2611684; 81,045074
Bebedouro;Barretos;Barretos;   77761;  3260501; 41,929772;55,29981;445; 68,965517; 72,72727;100,00; 53,42; 30,26;2,548689e+00; 74,5322642; 39,944713
Iaras;Sorocaba;Avaré;    8484;   124727; 14,701438;55,06562;446; 51,905626; 61,12853; 33,74; 84,76; 84,76;3,885231e-01; 91,2307496; 32,611533
Embaúba;Barretos;Barretos;    2476;    54347; 21,949515;55,02585;447; 67,332123; 70,53292; 85,02;100,00; 84,72;4,870085e+00;  0,0000000; 27,731705
Presidente Venceslau;Presidente Prudente;Presidente Prudente;   39544;   721893; 18,255437;54,94919;448; 63,339383; 66,92790;100,00; 64,98; 25,98;5,605590e-01; 88,4306987; 29,374952
Iguape;Registro;Registro;   30644;   809924; 26,430101;54,89516;449; 43,012704; 47,96238; 64,91; 76,29; 76,29;7,732991e+00;100,0000000; 22,963219
Torre de Pedra;Sorocaba;Botucatu;    2395;    27864; 11,634238;54,85574;450; 49,909256; 61,75549; 95,29; 59,64; 59,64;1,141373e+01; 88,2779687; 12,919450
Cajati;Registro;Registro;   28870;  1565335; 54,220125;54,84830;451; 45,372051; 50,62696; 79,90; 79,06; 79,06;3,571530e+00; 80,2214586; 20,974430
Santa Cruz da Conceição;Campinas;Limeira;    4409;   117879; 26,735995;54,84491;452; 76,043557; 78,99687; 70,61; 55,42; 55,42;0,000000e+00; 77,8159603; 24,452891
Capela do Alto;Sorocaba;Itapetininga;   20005;   285779; 14,285379;54,76290;453; 50,816697; 61,44201; 86,20; 65,98; 65,98;5,024253e+00; 85,4906453; 17,169623
Monte Azul Paulista;Barretos;Barretos;   19234;   562393; 29,239524;54,64170;454; 69,691470; 72,25705; 95,96; 85,00; 29,75;6,107824e-01; 56,0519282; 27,812332
Artur Nogueira;Campinas;Campinas;   51986;  1081069; 20,795387;54,55687;455; 64,065336; 67,24138; 90,54; 95,21; 18,39;6,078052e+00; 63,5357006; 31,394456
Porto Ferreira;Região Administrativa Central;São Carlos;   55432;  1975018; 35,629564;54,53807;456; 54,083485; 63,63636; 98,21; 79,20; 36,37;4,118090e+00; 67,4684994; 33,218152
Itanhaém;Santos;Santos;   98629;  1855370; 18,811607;54,46442;457; 43,375681; 48,11912; 94,37; 54,02; 54,02;3,161319e+01;100,0000000; 10,197343
Amparo;Campinas;Bragança Paulista;   71193;  4358991; 61,227803;54,45098;458; 68,239564; 74,45141; 78,71; 87,79; 51,06;1,334213e+00; 48,8863434; 25,136297
Capivari;Campinas;Piracicaba;   54298;  1877375; 34,575399;54,43905;459; 51,724138; 54,23197; 94,50; 80,00; 21,59;1,383631e+01; 88,3161512; 31,313829
Ilha Comprida;Registro;Registro;   10656;   692944; 65,028529;54,42050;460; 45,372051; 50,15674; 87,66; 57,17; 57,17;1,366263e+01;100,0000000; 24,172618
Mogi Mirim;Campinas;Campinas;   92365;  4456895; 48,253072;54,31926;461; 41,742287; 46,55172; 93,57; 90,51; 88,33;2,334954e+00; 46,4172076; 25,097904
Guaratinguetá;São José dos Campos;Guaratinguetá;  120417;  5277694; 43,828479;54,27967;462; 62,976407; 70,06270; 99,46; 93,46; 28,59;7,191509e-02; 54,9446354; 24,671735
Suzano;São Paulo;São Paulo;  290769; 10761082; 37,009042;54,22813;463; 29,945554; 34,79624;100,00; 77,45; 54,21;1,482088e+01; 84,2433499; 38,359057
Rafard;Campinas;Piracicaba;    9054;   326043; 36,010934;54,19390;464; 70,780399; 76,95925;100,00; 91,36;  0,00;1,873287e+00; 87,3106784;  5,267603
São Pedro;Campinas;Piracicaba;   34898;   741439; 21,245888;54,11788;465; 69,872958; 77,89969; 98,81; 95,00;  8,87;1,723673e+01; 54,1809851; 11,072717
Monteiro Lobato;São José dos Campos;São José dos Campos;    4549;    60571; 13,315234;53,97575;466; 51,179673; 59,40439; 50,43; 80,13; 80,13;4,884230e+00;100,0000000;  5,647700
Alumínio;Sorocaba;Sorocaba;   18324;  1853577;101,155697;53,89606;467; 41,379310; 59,87461; 71,11; 68,92; 62,86;4,415760e+01; 69,3139875; 13,552945
Cruzeiro;São José dos Campos;Cruzeiro;   81724;  2136729; 26,145673;53,86441;468; 76,225045; 84,63950;100,00;100,00;  0,00;2,003190e-01; 30,3932799; 39,457114
Barra do Turvo;Registro;Registro;    7781;    78283; 10,060789;53,66005;469; 42,286751; 47,49216; 42,57; 86,58; 86,58;8,667422e+00;100,0000000; 15,104047
Jacareí;São José dos Campos;São José dos Campos;  229851; 11696354; 50,886679;53,44547;470; 40,653358; 47,02194; 99,13; 78,74; 59,39;5,757286e+00; 63,1538755; 33,717269
Neves Paulista;São José do Rio Preto;São José do Rio Preto;    8999;   219695; 24,413268;53,30044;471; 77,495463; 81,66144; 90,24; 42,67; 42,67;7,836200e-01; 39,0861652; 51,796821
Barra Bonita;Bauru;Jaú;   36331;  1387795; 38,198646;53,23013;472; 56,079855; 74,76489;100,00; 80,00; 20,00;2,448355e+00; 63,6375207; 28,910389
Eldorado;Registro;Registro;   15436;   362009; 23,452254;53,22223;473; 43,557169; 49,05956; 48,55; 88,74; 88,67;4,538907e+00; 86,7633957; 15,898794
Junqueirópolis;Presidente Prudente;Dracena;   20353;   613203; 30,128384;53,14614;474; 73,139746; 81,97492; 82,24; 59,15; 59,15;9,589022e-02; 14,0511646; 55,367427
Salto de Pirapora;Sorocaba;Sorocaba;   44397;  1633062; 36,783161;53,09457;475; 48,094374; 58,15047;100,00; 64,05; 64,05;3,866661e+00; 58,8901616; 27,654918
Cordeirópolis;Campinas;Limeira;   23793;  2610037;109,697684;53,04873;476; 70,235935; 73,51097;100,00; 71,23;  0,00;2,290538e-01; 84,9306351; 24,253244
Lavrinhas;São José dos Campos;Cruzeiro;    7150;   109607; 15,329650;52,96449;477; 53,539020; 66,92790; 95,09; 63,33; 49,33;9,149522e+00; 78,5287005;  7,820779
Cabreúva;Campinas;Jundiaí;   47877;  4294324; 89,694927;52,95243;478; 45,190563; 55,48589; 73,92; 71,20; 71,20;1,604957e+01; 70,5358279; 20,037626
São Bento do Sapucaí;São José dos Campos;Taubaté;   10895;   196195; 18,007802;52,93699;479; 48,638838; 59,87461; 70,68; 71,17; 57,11;2,346644e+00;100,0000000; 13,675804
Taquarivaí;Itapeva;Itapeva;    5715;   242700; 42,467192;52,80255;480; 43,920145; 52,97806; 85,70; 60,63; 60,63;2,030337e+00; 94,9853634; 21,546495
Socorro;Campinas;Bragança Paulista;   40220;   822933; 20,460791;52,75593;481; 49,727768; 59,87461; 60,05; 71,35; 71,08;3,142211e+00; 84,2051674; 22,617676
Jardinópolis;Ribeirão Preto;Ribeirão Preto;   42904;  1072305; 24,993124;52,74214;482; 70,780399; 73,04075;100,00; 78,63;  0,00;6,920793e-01; 25,3277332; 73,466175
Lindóia;Campinas;Bragança Paulista;    7695;   164728; 21,407147;52,73671;483; 76,043557; 88,24451;100,00; 74,70;  0,00;0,000000e+00; 58,6101565; 24,295477
Itapirapuã Paulista;Itapeva;Itapeva;    4186;    38226;  9,131868;52,70647;484; 50,453721; 59,71787; 59,13; 69,25; 69,25;4,588049e+00; 93,2289678; 16,033172
São José do Rio Pardo;Campinas;São João da Boa Vista;   54734;  1727261; 31,557368;52,66684;485; 68,965517; 74,76489; 94,95; 96,23; 13,83;8,866762e-01; 49,0899835; 22,617676
Águas de Santa Bárbara;Sorocaba;Avaré;    6009;   148264; 24,673656;52,58747;486; 49,364791; 58,46395; 74,80; 74,46; 74,46;1,463986e+00; 69,0085274; 18,678492
Charqueada;Campinas;Piracicaba;   16772;   350913; 20,922549;52,56036;487; 49,183303; 58,77743; 99,65; 65,74; 62,35;4,423619e+00; 62,8356879; 17,522844
Ribeirão Grande;Itapeva;Itapeva;    7697;   296224; 38,485644;52,53678;488; 50,635209; 59,87461; 91,34; 51,71; 51,71;1,636587e+00;100,0000000; 13,387852
Itupeva;Campinas;Jundiaí;   57031;  6124416;107,387491;52,46728;489; 37,568058; 49,84326; 78,70; 72,30; 72,30;3,352450e+00; 79,1905307; 26,483913
Diadema;São Paulo;São Paulo;  417869; 13412703; 32,097866;52,26886;490; 37,023593; 42,00627;100,00; 75,82; 37,47;2,736396e+00; 78,5541555; 44,540428
Descalvado;Região Administrativa Central;São Carlos;   33346;  1643346; 49,281653;52,19096;491; 83,121597; 87,61755; 90,38; 80,00;  0,00;0,000000e+00; 58,3174240; 18,091070
Ferraz de Vasconcelos;São Paulo;São Paulo;  188868;  2989860; 15,830421;52,13621;492; 38,475499; 44,04389; 96,85; 68,04; 38,10;1,913954e+00; 85,4906453; 44,175689
Juquiá;Registro;Registro;   19192;   361626; 18,842539;52,09964;493; 41,560799; 48,43260; 68,30; 74,95; 72,26;6,248123e+00; 80,2087311; 24,836827
São Paulo;São Paulo;São Paulo;12106920;699288352; 57,759393;51,97588;494; 25,952813; 32,60188; 99,30; 74,23; 64,66;1,050993e+01; 69,5176276; 39,034785
Taboão da Serra;São Paulo;São Paulo;  279634;  8843886; 31,626648;51,93395;495; 37,931034; 42,47649;100,00; 69,67; 34,27;2,941274e+00; 78,3632430; 49,819550
Campo Limpo Paulista;Campinas;Jundiaí;   82520;  1922194; 23,293674;51,82564;496; 45,553539; 55,32915; 79,36; 77,59; 74,29;4,237325e+00; 52,5136821; 25,731398
Iepê;Presidente Prudente;Presidente Prudente;    8103;   244895; 30,222757;51,80089;497; 88,203267; 93,57367; 88,81; 48,73; 48,73;0,000000e+00; 25,9386534; 20,421562
Monte Alegre do Sul;Campinas;Bragança Paulista;    7871;   166571; 21,162622;51,71283;498; 75,317604; 79,93730; 88,71; 45,97;  0,00;0,000000e+00; 77,6377752; 46,129924
Araras;Campinas;Limeira;  131282;  5284021; 40,249394;51,69956;499; 74,410163; 81,66144;100,00; 72,28;  0,00;5,188341e-01; 45,0808197; 39,645243
Ribeirão Branco;Itapeva;Itapeva;   17220;   380318; 22,085830;51,64647;500; 50,272232; 59,40439; 72,99; 64,74; 59,10;1,673574e+00; 86,5088456; 18,482684
Salesópolis;São Paulo;São Paulo;   16903;   200622; 11,869017;51,64510;501; 48,457350; 53,44828; 62,38; 67,23; 65,25;1,034360e+01; 93,6235204; 12,428012
Apiaí;Itapeva;Itapeva;   24945;   651733; 26,126799;51,59773;502; 45,190563; 54,38871; 79,05; 66,44; 66,44;4,129517e+00; 84,8033601; 12,339707
Irapuru;Presidente Prudente;Adamantina;    8248;    86285; 10,461324;51,48263;503; 76,225045; 81,03448; 70,33; 76,44; 61,11;0,000000e+00; 28,4077892; 18,313753
Iperó;Sorocaba;Sorocaba;   34913;   564350; 16,164466;51,45960;504; 53,176044; 63,32288; 67,39; 62,33; 62,33;3,512940e+00; 75,6650121; 23,949935
Sete Barras;Registro;Registro;   13053;   412265; 31,583927;51,27138;505; 40,834846; 46,70846; 69,01; 71,78; 71,30;1,537566e+00; 87,6034110; 21,396760
Sumaré;Campinas;Campinas;  273007; 13744576; 50,345141;51,26557;506; 56,987296; 63,32288; 96,85; 79,79; 20,69;6,752647e+00; 61,5629375; 24,168778
Nova Odessa;Campinas;Campinas;   58227;  3175071; 54,529187;51,06273;507; 28,675136; 24,29467;100,00; 71,54; 71,54;1,145845e+01; 70,0521828; 30,941411
São Caetano do Sul;São Paulo;São Paulo;  159608; 13106959; 82,119687;51,04368;508;  9,618875; 18,49530;100,00; 85,95; 85,95;1,992711e-01; 84,6506300; 23,485372
São Carlos;Região Administrativa Central;São Carlos;  246088; 10475655; 42,568736;50,92030;509; 45,372051; 50,00000; 96,00; 83,84; 80,32;4,545841e-01; 33,7915235; 17,584274
Piquete;São José dos Campos;Guaratinguetá;   13976;   153226; 10,963509;50,81988;510; 72,958258; 84,01254; 95,74; 79,50;  0,00;2,594756e+00; 40,5625557; 31,190970
Pinhalzinho;Campinas;Bragança Paulista;   14763;   250266; 16,952245;50,76715;511; 50,635209; 60,97179; 56,11; 63,39; 63,10;2,302204e+00; 91,8671249; 17,760885
Jambeiro;São José dos Campos;São José dos Campos;    6305;   231948; 36,787946;50,67106;512; 38,294011; 57,83699; 72,34; 62,84; 62,84;1,953113e+00; 86,3433881; 22,920986
Mogi das Cruzes;São Paulo;São Paulo;  433901; 14470623; 33,350057;50,22037;513; 46,279492; 48,58934; 99,70; 74,94; 48,03;3,461056e+00; 53,5573374; 27,205713
Miracatu;Registro;Registro;   20288;   426651; 21,029722;50,19471;514; 41,197822; 45,29781; 57,20; 85,51; 85,51;1,877318e+00; 70,6631030; 14,301620
Ourinhos;Marília;Ourinhos;  111813;  2999648; 26,827364;50,06605;515; 47,731397; 57,36677;100,00; 76,12; 63,08;6,656813e-01; 20,1349115; 35,429625
Rio das Pedras;Campinas;Piracicaba;   33935;  1194153; 35,189421;50,06345;516; 58,983666; 70,37618; 95,39;100,00;  0,00;0,000000e+00; 41,5298460; 34,227904
São Sebastião;São José dos Campos;Caraguatatuba;   85538;  2711187; 31,695702;50,02915;517; 30,308530; 40,12539; 73,68; 74,58; 74,58;1,533045e+01; 71,5413008; 20,087537
São Simão;Ribeirão Preto;Ribeirão Preto;   15225;   465707; 30,588309;49,83407;518; 92,558984; 88,55799; 89,32; 19,67;  0,00;0,000000e+00;100,0000000;  8,565615
Quadra;Sorocaba;Itapetininga;    3680;    88900; 24,157609;49,76667;519; 47,186933; 57,05329; 32,37; 64,89; 64,89;1,763189e+00; 92,4271350; 37,552791
Alambari;Sorocaba;Itapetininga;    5754;   100567; 17,477755;49,72203;520; 50,272232; 60,18809; 77,85; 54,22; 54,22;4,134922e+00; 70,6758305; 26,215158
Vargem Grande Paulista;São Paulo;São Paulo;   50346;  1805301; 35,857883;49,67848;521; 31,941924; 43,88715; 94,63; 25,45;  8,13;1,000000e+02; 68,4866998; 24,902096
Pracinha;Presidente Prudente;Adamantina;    3768;    28207;  7,485934;49,55265;522; 15,607985;  7,99373; 47,80;100,00;100,00;1,914214e+00;100,0000000; 23,105275
Queluz;São José dos Campos;Cruzeiro;   12949;   325115; 25,107344;49,53900;523; 47,186933; 61,44201; 75,48; 62,61; 40,86;1,769709e+00; 92,3507700; 14,612608
São Vicente;Santos;Santos;  360380;  5204306; 14,441162;49,33964;524; 39,382940; 45,61129; 91,88; 67,64; 67,64;3,413304e+00; 46,3153876; 32,834216
Biritiba-Mirim;São Paulo;São Paulo;   31793;   704607; 22,162331;49,23339;525; 47,549909; 53,29154; 55,34; 69,49; 68,17;2,611588e+00; 88,0997836;  9,314290
Piracaia;Campinas;Bragança Paulista;   26991;   476025; 17,636434;49,02560;526; 47,005445; 58,30721; 67,44; 57,71; 56,70;3,561423e+00; 79,6232659; 21,857483
Caieiras;São Paulo;São Paulo;   98223;  3289605; 33,491188;48,74874;527; 36,660617; 45,29781; 97,35; 60,56;  0,00;1,940778e+01; 87,9470536; 42,766644
Sarapuí;Sorocaba;Itapetininga;   10034;   150275; 14,976580;48,30910;528; 50,453721; 61,44201; 85,34; 58,46;  0,00;8,278435e+00;100,0000000; 22,498656
Bom Jesus dos Perdões;Campinas;Bragança Paulista;   24023;   863923; 35,962328;48,30289;529; 68,965517; 76,33229; 90,00; 64,82;  0,00;1,470918e+00; 62,0593102; 22,775090
Rio Grande da Serra;São Paulo;São Paulo;   49408;   610938; 12,365164;48,25711;530; 35,753176; 38,24451; 84,92; 58,81; 49,99;3,935534e+00; 80,3869161; 34,016740
Campos do Jordão;São José dos Campos;Taubaté;   51454;  1195551; 23,235336;48,20816;531; 27,586207; 39,02821; 64,83; 76,38; 76,38;7,157693e+00; 77,1795851; 17,123551
Macaubal;São José do Rio Preto;Votuporanga;    8086;   160519; 19,851472;48,16120;532; 59,709619; 62,85266; 88,31; 62,47;  0,00;0,000000e+00; 62,1738577; 49,773478
Carapicuíba;São Paulo;São Paulo;  396587;  5494357; 13,854103;48,13132;533; 47,005445; 49,37304;100,00; 55,98; 28,61;2,233763e+00; 70,3194604; 31,528834
Itaóca;Itapeva;Itapeva;    3341;    39033; 11,683029;48,10461;534; 49,001815; 58,46395; 69,69; 50,85; 50,85;2,329918e+00;100,0000000;  3,651232
Pedro de Toledo;Registro;Registro;   11136;   151283; 13,585040;48,01067;535; 43,012704; 49,05956; 60,18; 63,21; 62,82;2,700219e+00; 83,4415171; 19,661368
Estiva Gerbi;Campinas;Campinas;   11067;   313228; 28,302882;47,69523;536; 83,303085; 86,67712; 79,76; 80,00;  0,00;9,479736e-01; 37,1134021; 13,760270
Guareí;Sorocaba;Itapetininga;   17551;   239829; 13,664691;47,60165;537; 38,656987; 56,26959; 62,20; 62,64; 62,64;4,174548e+00; 77,7650503; 16,467020
Ribeirão Pires;São Paulo;São Paulo;  121848;  3046465; 25,002175;47,56247;538; 36,297641; 40,90909; 90,25; 64,74; 45,32;6,796069e+00; 74,8631793; 21,323812
Osasco;São Paulo;São Paulo;  697886; 77910496;111,637855;47,36397;539; 38,656987; 43,10345;100,00; 59,27; 31,25;4,467953e+00; 66,5648466; 35,598556
Atibaia;Campinas;Bragança Paulista;  139683;  6162799; 44,119893;47,30766;540; 28,312160; 33,07210; 87,99; 71,92; 65,43;6,139407e+00; 58,7374316; 26,860170
Guarujá;Santos;Santos;  315563;  8589741; 27,220368;47,28542;541; 34,664247; 44,51411; 82,40; 67,91; 67,91;5,297665e+00; 51,0500191; 24,537357
Embu das Artes;São Paulo;São Paulo;  267054; 11713049; 43,860227;47,09111;542; 37,749546; 39,65517;100,00; 54,66; 30,06;3,673606e+00; 73,1704213; 37,760117
Santo André;São Paulo;São Paulo;  715231; 27470680; 38,408123;47,03217;543; 28,130672; 34,63950;100,00; 84,59; 37,42;7,190974e-01; 42,4589538; 48,299163
Santo Antônio do Pinhal;São José dos Campos;Taubaté;    6800;   103677; 15,246618;47,00146;544; 44,101633; 55,17241; 54,99; 57,19; 57,19;4,045583e+00; 86,3942981; 16,927743
Porangaba;Sorocaba;Botucatu;    9565;   183137; 19,146576;46,94537;545; 49,183303; 63,63636; 75,55; 43,84; 43,84;5,110207e+00; 83,6451572; 10,757890
Marília;Marília;Marília;  235234;  7719607; 32,816714;46,71274;546; 60,435572; 72,10031; 99,28; 80,00;  4,12;1,155539e+00; 34,4151712; 22,195347
Guararema;São Paulo;São Paulo;   28978;   960960; 33,161709;46,62223;547; 35,027223; 43,57367; 72,22; 61,84; 61,84;2,568705e+00; 78,5159730; 17,392306
Santa Branca;São José dos Campos;São José dos Campos;   14667;   246568; 16,811072;46,60813;548; 65,335753; 72,41379; 64,14;100,00;  4,60;3,772563e+00; 46,3662976; 16,236658
Barra do Chapéu;Itapeva;Itapeva;    5653;    81558; 14,427384;46,30460;549; 48,275862; 58,62069; 38,70; 64,97; 63,06;3,667905e+00; 86,2161130;  6,926207
Piedade;Sorocaba;Sorocaba;   55092;  1217773; 22,104353;46,24605;550; 44,464610; 55,01567; 55,20; 61,10; 59,07;5,280368e+00; 65,1775487; 24,660217
Campinas;Campinas;Campinas; 1182429; 59053563; 49,942587;46,20769;551;  0,000000;  0,00000; 98,09; 79,58; 70,32;5,691875e+00; 83,5178821; 32,461798
Vargem;Campinas;Bragança Paulista;   10143;   112807; 11,121660;46,19177;552; 49,364791; 58,77743; 49,03; 53,30; 51,92;2,504228e+00; 91,4725722; 13,165169
Bertioga;Santos;Santos;   59297;  1606553; 27,093327;46,17210;553; 38,656987; 44,20063; 73,15; 58,09; 58,09;1,308921e+01; 71,0576556; 13,042310
Arujá;São Paulo;São Paulo;   86430;  5311877; 61,458718;46,16427;554; 24,137931; 34,63950;100,00; 49,38; 49,38;3,934820e+00; 74,8886343; 32,953237
Guapiara;Itapeva;Itapeva;   17640;   317156; 17,979365;45,96097;555; 48,457350; 58,93417; 59,44; 54,99; 50,80;7,073117e-01; 75,4231895; 18,935729
Itapevi;São Paulo;São Paulo;  229502; 11597557; 50,533577;45,88393;556; 40,653358; 48,43260; 95,04; 51,15; 27,07;6,486498e+00; 62,2756777; 35,963296
Jandira;São Paulo;São Paulo;  121492;  4028508; 33,158628;45,76595;557; 35,027223; 40,28213;100,00; 57,03; 25,94;3,650757e+00; 62,0720377; 42,125470
São Bernardo do Campo;São Paulo;São Paulo;  827437; 44680389; 53,998539;45,74921;558; 28,493648; 36,52038;100,00; 72,73; 19,55;4,762961e+00; 65,2666412; 38,670045
São Lourenço da Serra;São Paulo;São Paulo;   15465;   206752; 13,369027;45,72208;559; 42,649728; 48,43260; 48,07; 58,86; 58,86;2,693332e+00; 90,9380171; 15,272979
Mairinque;Sorocaba;Sorocaba;   46567;  1706174; 36,639122;45,67778;560; 50,090744; 60,65831; 85,79; 74,79;  0,00;7,474654e+00; 67,8248695; 18,793673
Paraibuna;São José dos Campos;São José dos Campos;   18206;   273661; 15,031363;45,66511;561; 50,272232; 60,50157; 73,65; 74,54;  0,00;5,955357e+00; 75,9450172; 24,456730
Ribeira;Itapeva;Itapeva;    3390;    47304; 13,953982;45,62099;562; 43,194192; 51,09718; 69,29; 39,88; 39,88;1,286897e+01;100,0000000;  8,757583
Araçariguama;Sorocaba;Sorocaba;   21038;  2844224;135,194600;45,51386;563; 43,738657; 58,30721; 60,30; 55,68; 31,16;4,229739e+00; 95,5835561; 15,111725
Itariri;Registro;Registro;   17062;   269481; 15,794221;45,36357;564; 42,831216; 46,39498; 37,94; 69,14; 68,89;3,098646e+00; 83,2760596; 11,337633
São Roque;Sorocaba;Sorocaba;   88473;  2724771; 30,797769;45,26835;565; 38,838475; 45,45455; 67,47; 70,59; 64,44;4,416347e+00; 48,8227059; 22,114720
Itaquaquecetuba;São Paulo;São Paulo;  360657;  6932298; 19,221304;45,15397;566; 40,108893; 48,11912;100,00; 53,22;  8,41;7,897963e+00; 68,5376098; 34,938186
Igaratá;São José dos Campos;São José dos Campos;    9443;   217382; 23,020438;44,99459;567; 45,553539; 56,89655; 55,90; 44,62; 44,62;1,201778e+00;100,0000000; 11,164862
Ubatuba;São José dos Campos;Caraguatatuba;   88313;  1964761; 22,247699;44,89275;568; 38,838475; 43,57367; 74,04; 39,50; 39,43;8,758358e+00; 86,5979381; 28,403594
Araçoiaba da Serra;Sorocaba;Sorocaba;   32495;   668034; 20,558055;44,68809;569; 38,294011; 44,51411; 97,46; 33,18; 33,18;3,426465e+00; 85,5542828; 21,895877
São Joaquim da Barra;Franca;São Joaquim da Barra;   50921;  1533653; 30,118281;44,68562;570; 83,121597; 88,87147;100,00; 47,29;  0,00;0,000000e+00; 19,3967163; 18,805191
Pacaembu;Presidente Prudente;Adamantina;   14086;   200516; 14,235127;43,95603;571; 63,883848; 65,20376; 73,68; 50,00; 50,00;3,873192e+00;  9,2783505; 35,729095
Salto Grande;Marília;Ourinhos;    9287;   209782; 22,588780;43,88628;572; 67,513612; 56,42633;100,00; 22,40; 22,40;0,000000e+00; 62,3011327; 20,049144
Barueri;São Paulo;São Paulo;  267534; 47553589;177,747834;43,68203;573; 12,885662; 23,35423;100,00; 62,61; 31,20;1,115882e+01; 64,9357261; 43,311833
Tuiuti;Campinas;Bragança Paulista;    6689;    86002; 12,857228;43,65169;574; 68,965517; 69,27900; 78,00; 58,12;  0,00;0,000000e+00; 50,3500064; 24,498963
Ilhabela;São José dos Campos;Caraguatatuba;   33354;  6153610;184,493914;42,93602;575; 21,234120; 26,48903; 68,71; 52,56; 52,56;9,438009e+00; 87,5143184; 24,982723
Cubatão;Santos;Santos;  128748; 12336913; 95,822172;42,74820;576; 27,949183; 47,17868; 85,42; 50,02; 50,02;1,141626e+01; 50,4390989; 19,542348
Cajamar;São Paulo;São Paulo;   73921; 15003191;202,962501;42,53706;577; 32,304900; 39,34169;100,00; 59,55;  0,00;4,119692e+00; 83,2378771; 21,742302
Santana de Parnaíba;São Paulo;São Paulo;  131887;  8583623; 65,083162;42,30677;578; 34,845735; 33,07210;100,00; 32,50;  7,70;3,189348e+01; 53,8755250; 44,567304
Jarinu;Campinas;Jundiaí;   28540;  2251523; 78,890084;41,51669;579; 44,101633; 51,72414; 65,87; 30,59; 30,59;1,689650e+01; 76,0977472; 16,263534
Santa Isabel;São Paulo;São Paulo;   56014;  1353632; 24,165959;41,33718;580; 54,990926; 60,18809; 65,17; 69,59;  4,98;8,466995e+00; 42,8662339; 24,445212
Bauru;Bauru;Bauru;  371690; 13771753; 37,051718;41,06222;581; 41,379310; 26,95925; 98,28; 64,61;  1,77;1,610944e+00; 40,6516482; 53,236581
Francisco Morato;São Paulo;São Paulo;  171602;  1464628;  8,535029;41,04504;582; 42,468240; 50,15674; 95,81; 35,01;  0,00;1,090924e+01; 59,1447117; 34,861399
Aparecida;São José dos Campos;Guaratinguetá;   36279;  1048666; 28,905593;40,87203;583; 46,279492; 52,03762; 98,55; 64,11;  0,00;4,754297e+00; 38,5388825; 22,705982
Cotia;São Paulo;São Paulo;  237750; 11573369; 48,678734;40,77857;584; 29,219601; 39,34169;100,00; 37,37; 16,07;5,708731e+00; 74,6722668; 23,846272
Embu-Guaçu;São Paulo;São Paulo;   68270;  1043490; 15,284752;40,57554;585; 37,749546; 37,14734; 83,69; 37,76; 37,76;4,581363e+00; 64,5539010; 21,362205
Itapecerica da Serra;São Paulo;São Paulo;  170927;  3281942; 19,200840;40,35420;586; 36,116152; 38,40125; 96,25; 27,44; 26,89;6,804457e+00; 62,9120529; 28,019658
Franco da Rocha;São Paulo;São Paulo;  149502;  3029794; 20,265909;39,88459;587; 18,511797; 26,80251; 97,59; 52,34;  0,00;1,082101e+01; 78,7450681; 34,266298
Ibiúna;Sorocaba;Sorocaba;   77566;  1632767; 21,050035;39,48269;588; 42,468240; 52,82132; 46,15; 36,14; 36,14;1,877471e+00; 77,1668576; 23,097597
Pirapora do Bom Jesus;São Paulo;São Paulo;   18174;   396159; 21,798118;39,00404;589; 41,742287; 47,02194; 82,36; 49,24; 21,23;3,045094e+00; 47,5626830; 19,830300
Pedra Bela;Campinas;Bragança Paulista;    6078;    80140; 13,185258;38,66592;590; 44,464610; 56,58307; 26,06; 63,31;  0,00;6,078518e+00;100,0000000; 12,831145
Nazaré Paulista;Campinas;Bragança Paulista;   18121;   334669; 18,468572;38,51936;591; 45,916515; 59,87461; 39,14; 24,65; 24,61;2,482945e+00; 84,9815451; 26,499271
Mairiporã;São Paulo;São Paulo;   95601;  1716735; 17,957291;36,92002;592; 35,571688; 41,53605; 54,71; 33,21; 23,60;7,825410e+00; 78,4777905; 20,429241
Juquitiba;São Paulo;São Paulo;   31027;   485671; 15,653173;36,59513;593; 38,656987; 41,84953; 44,61; 34,11; 34,11;1,374143e+00; 79,4832633; 18,567150
Caconde;Campinas;São João da Boa Vista;   19025;   343594; 18,060131;36,20969;594; 73,865699; 75,86207; 69,65; 50,19;  0,00;0,000000e+00;  0,8400153; 19,269754
Aguaí;NA;NA;NA;NA;NA;NA;NA;NA;NA;NA;NA;NA;NA;NA;NA
Analândia;NA;NA;NA;NA;NA;NA;NA;NA;NA;NA;NA;NA;NA;NA;NA
Aramina;NA;NA;NA;NA;NA;NA;NA;NA;NA;NA;NA;NA;NA;NA;NA
Areias;NA;NA;NA;NA;NA;NA;NA;NA;NA;NA;NA;NA;NA;NA;NA
Ariranha;NA;NA;NA;NA;NA;NA;NA;NA;NA;NA;NA;NA;NA;NA;NA
Bady Bassitt;NA;NA;NA;NA;NA;NA;NA;NA;NA;NA;NA;NA;NA;NA;NA
Boa Esperança do Sul;NA;NA;NA;NA;NA;NA;NA;NA;NA;NA;NA;NA;NA;NA;NA
Borebi;NA;NA;NA;NA;NA;NA;NA;NA;NA;NA;NA;NA;NA;NA;NA
Caiuá;NA;NA;NA;NA;NA;NA;NA;NA;NA;NA;NA;NA;NA;NA;NA
Campos Novos Paulista;NA;NA;NA;NA;NA;NA;NA;NA;NA;NA;NA;NA;NA;NA;NA
Canitar;NA;NA;NA;NA;NA;NA;NA;NA;NA;NA;NA;NA;NA;NA;NA
Casa Branca;NA;NA;NA;NA;NA;NA;NA;NA;NA;NA;NA;NA;NA;NA;NA
Cedral;NA;NA;NA;NA;NA;NA;NA;NA;NA;NA;NA;NA;NA;NA;NA
Corumbataí;NA;NA;NA;NA;NA;NA;NA;NA;NA;NA;NA;NA;NA;NA;NA
Cosmorama;NA;NA;NA;NA;NA;NA;NA;NA;NA;NA;NA;NA;NA;NA;NA
Cunha;NA;NA;NA;NA;NA;NA;NA;NA;NA;NA;NA;NA;NA;NA;NA
Dumont;NA;NA;NA;NA;NA;NA;NA;NA;NA;NA;NA;NA;NA;NA;NA
Guarantã;NA;NA;NA;NA;NA;NA;NA;NA;NA;NA;NA;NA;NA;NA;NA
Guatapará;NA;NA;NA;NA;NA;NA;NA;NA;NA;NA;NA;NA;NA;NA;NA
Iacanga;NA;NA;NA;NA;NA;NA;NA;NA;NA;NA;NA;NA;NA;NA;NA
Ibitinga;NA;NA;NA;NA;NA;NA;NA;NA;NA;NA;NA;NA;NA;NA;NA
Ipaussu;NA;NA;NA;NA;NA;NA;NA;NA;NA;NA;NA;NA;NA;NA;NA
Ipiguá;NA;NA;NA;NA;NA;NA;NA;NA;NA;NA;NA;NA;NA;NA;NA
Júlio Mesquita;NA;NA;NA;NA;NA;NA;NA;NA;NA;NA;NA;NA;NA;NA;NA
Mauá;NA;NA;NA;NA;NA;NA;NA;NA;NA;NA;NA;NA;NA;NA;NA
Mendonça;NA;NA;NA;NA;NA;NA;NA;NA;NA;NA;NA;NA;NA;NA;NA
Monte Castelo;NA;NA;NA;NA;NA;NA;NA;NA;NA;NA;NA;NA;NA;NA;NA
Natividade da Serra;NA;NA;NA;NA;NA;NA;NA;NA;NA;NA;NA;NA;NA;NA;NA
Nova Castilho;NA;NA;NA;NA;NA;NA;NA;NA;NA;NA;NA;NA;NA;NA;NA
Paulicéia;NA;NA;NA;NA;NA;NA;NA;NA;NA;NA;NA;NA;NA;NA;NA
Pindorama;NA;NA;NA;NA;NA;NA;NA;NA;NA;NA;NA;NA;NA;NA;NA
Pontal;NA;NA;NA;NA;NA;NA;NA;NA;NA;NA;NA;NA;NA;NA;NA
Promissão;NA;NA;NA;NA;NA;NA;NA;NA;NA;NA;NA;NA;NA;NA;NA
Ribeirão Bonito;NA;NA;NA;NA;NA;NA;NA;NA;NA;NA;NA;NA;NA;NA;NA
Rincão;NA;NA;NA;NA;NA;NA;NA;NA;NA;NA;NA;NA;NA;NA;NA
Rinópolis;NA;NA;NA;NA;NA;NA;NA;NA;NA;NA;NA;NA;NA;NA;NA
Sales Oliveira;NA;NA;NA;NA;NA;NA;NA;NA;NA;NA;NA;NA;NA;NA;NA
Salto;NA;NA;NA;NA;NA;NA;NA;NA;NA;NA;NA;NA;NA;NA;NA
Santa Maria da Serra;NA;NA;NA;NA;NA;NA;NA;NA;NA;NA;NA;NA;NA;NA;NA
Santo Antônio do Aracanguá;NA;NA;NA;NA;NA;NA;NA;NA;NA;NA;NA;NA;NA;NA;NA
São João de Iracema;NA;NA;NA;NA;NA;NA;NA;NA;NA;NA;NA;NA;NA;NA;NA
São João do Pau d'Alho;NA;NA;NA;NA;NA;NA;NA;NA;NA;NA;NA;NA;NA;NA;NA
São José do Barreiro;NA;NA;NA;NA;NA;NA;NA;NA;NA;NA;NA;NA;NA;NA;NA
São Pedro do Turvo;NA;NA;NA;NA;NA;NA;NA;NA;NA;NA;NA;NA;NA;NA;NA
Tabatinga;NA;NA;NA;NA;NA;NA;NA;NA;NA;NA;NA;NA;NA;NA;NA
Tambaú;NA;NA;NA;NA;NA;NA;NA;NA;NA;NA;NA;NA;NA;NA;NA
Tejupá;NA;NA;NA;NA;NA;NA;NA;NA;NA;NA;NA;NA;NA;NA;NA
Trabiju;NA;NA;NA;NA;NA;NA;NA;NA;NA;NA;NA;NA;NA;NA;NA
Uchoa;NA;NA;NA;NA;NA;NA;NA;NA;NA;NA;NA;NA;NA;NA;NA
Vera Cruz;NA;NA;NA;NA;NA;NA;NA;NA;NA;NA;NA;NA;NA;NA;NA
Zacarias;NA;NA;NA;NA;NA;NA;NA;NA;NA;NA;NA;NA;NA;NA;NA
