municipio;regiao_administrativa;regiao_governo;populacao2017;pib2017;pib_per_capita2017;score;ranking;tarifa_agua;tarifa_esgoto;atendimento;coleta;tratamento;inv_per_capita;perdas_original;desempenho
Vista Alegre do Alto;Barretos;Barretos;    8335;   353695; 42,434913;77,96760;  1;1,36;0,72; 92,24; 99,12; 99,12;2,794438e+01; 16,32;214,34
Urupês;São José do Rio Preto;Catanduva;   13655;   390043; 28,564116;76,68404;  2;0,63;0,53; 88,99;100,00;100,00;0,000000e+00;  7,90;158,68
Taiúva;Barretos;Barretos;    5603;   116073; 20,716223;75,24809;  3;0,35;0,20;100,00; 97,69; 97,69;8,710489e-01;  0,00; 52,62
Taquaral;Ribeirão Preto;Ribeirão Preto;    2823;    38032; 13,472193;74,66013;  4;0,65;0,42;100,00; 99,32; 99,32;0,000000e+00;  0,00; 61,64
Dobrada;Região Administrativa Central;Araraquara;    8744;   117041; 13,385293;74,14633;  5;0,52;0,35; 97,77;100,00;100,00;0,000000e+00; 19,85;110,00
Ibaté;Região Administrativa Central;São Carlos;   34226;   915873; 26,759569;74,13687;  6;1,33;0,76; 96,01; 95,88; 95,88;4,441104e+00;  0,06;110,37
Cerqueira César;Sorocaba;Avaré;   19495;   753006; 38,625596;74,01088;  7;0,72;0,52; 96,09;100,00; 74,06;5,650714e+00; 14,29;160,27
Holambra;Campinas;Campinas;   14012;   908165; 64,813374;73,69998;  8;2,11;1,98; 95,00;100,00;100,00;2,547157e+02; 20,96;140,44
Sabino;Bauru;Lins;    5549;   118111; 21,285096;73,61050;  9;1,00;0,85;100,00; 81,47; 81,47;0,000000e+00;  1,96;173,35
Igaraçu do Tietê;Bauru;Jaú;   24596;   299508; 12,177102;73,30593; 10;0,85;0,64; 98,06; 96,13; 85,74;0,000000e+00;  0,57;102,48
Guaiçara;Bauru;Lins;   11869;   185266; 15,609234;73,21509; 11;0,71;0,44;100,00; 97,39; 97,39;1,660796e+00;  9,29; 66,92
Pradópolis;Ribeirão Preto;Ribeirão Preto;   20516;   840208; 40,953792;73,19025; 12;0,44;0,25; 99,55;100,00;100,00;0,000000e+00; 29,57;109,80
Jaci;São José do Rio Preto;São José do Rio Preto;    6728;   342924; 50,969679;73,06693; 13;0,75;0,40; 86,11; 98,80; 98,80;0,000000e+00;  0,00; 71,24
Bilac;Araçatuba;Araçatuba;    7837;   184903; 23,593594;73,05472; 14;1,31;0,88; 98,59; 88,24; 88,24;0,000000e+00;  0,36;140,75
Conchal;Campinas;Limeira;   27554;   656033; 23,808993;72,97981; 15;0,86;0,55; 99,03; 92,47; 77,96;1,275368e+01;  6,38;113,76
Tabapuã;São José do Rio Preto;Catanduva;   12251;   241952; 19,749571;72,51996; 16;0,86;0,82;100,00; 88,26; 88,26;0,000000e+00;  7,79;126,74
Clementina;Araçatuba;Araçatuba;    8254;   245147; 29,700388;72,48634; 17;1,48;0,96; 95,31; 98,48; 98,48;3,075211e+01; 18,31;115,70
Potirendaba;São José do Rio Preto;São José do Rio Preto;   17002;   531603; 31,267086;72,45736; 18;0,65;0,47; 98,85; 87,79; 87,79;0,000000e+00; -8,26; 80,84
Tupi Paulista;Presidente Prudente;Dracena;   15321;   282161; 18,416618;72,40102; 19;1,53;1,13;100,00; 97,44; 97,44;0,000000e+00;  9,86;127,63
Itirapina;Campinas;Rio Claro;   17589;   386254; 21,959975;72,38971; 20;1,69;2,00; 79,39;100,00;100,00;1,384002e+01;  3,85;164,59
Nuporanga;Franca;São Joaquim da Barra;    7341;   527532; 71,861054;72,30761; 21;1,31;0,63; 98,38; 99,34; 99,34;2,409965e+00; 30,03;145,08
Barbosa;Araçatuba;Araçatuba;    7251;    89433; 12,333885;72,19376; 22;0,64;0,54; 98,91; 97,01; 93,69;5,748466e-01; 11,99; 72,58
Nantes;Presidente Prudente;Presidente Prudente;    3049;   150435; 49,339128;71,98736; 23;0,94;0,61;100,00;100,00;100,00;0,000000e+00; 13,33; 68,06
Santópolis do Aguapeí;Araçatuba;Araçatuba;    4687;    60817; 12,975677;71,89663; 24;2,70;2,43; 89,93;100,00;100,00;3,477357e+02;  0,03; 73,94
Rio Claro;Campinas;Rio Claro;  202952;  9418391; 46,406988;71,65454; 25;2,85;1,72;100,00; 97,79; 89,98;0,000000e+00; 15,20;234,78
Guaimbê;Bauru;Lins;    5737;    72070; 12,562315;71,45470; 26;0,23;0,05; 99,90; 86,06; 86,06;0,000000e+00; 14,27; 76,53
Bariri;Bauru;Jaú;   34602;  1146339; 33,129270;71,37114; 27;1,03;0,76; 99,91; 91,70; 91,70;1,877463e+00; 13,30; 99,28
Bálsamo;São José do Rio Preto;São José do Rio Preto;    8908;   203308; 22,823080;71,35085; 28;0,59;0,47;100,00; 80,77; 80,77;4,764287e-01;  0,00; 83,64
Santa Lúcia;Região Administrativa Central;Araraquara;    8758;   127361; 14,542247;71,32536; 29;0,53;0,25; 93,42; 98,97; 98,97;0,000000e+00; 17,80; 57,51
Novais;São José do Rio Preto;Catanduva;    5527;    60081; 10,870454;71,14053; 30;0,24;0,21; 91,05; 92,31; 61,54;0,000000e+00;  0,00;100,32
Andradina;Araçatuba;Andradina;   57350;  1971995; 34,385266;70,84246; 31;2,53;2,24; 96,89;100,00;100,00;1,785981e+02; 21,47;126,49
Santana da Ponte Pensa;São José do Rio Preto;Jales;    1555;    34554; 22,221222;70,83014; 32;2,69;2,41; 88,85;100,00;100,00;9,046133e+01; -0,77;117,75
São João das Duas Pontes;São José do Rio Preto;Fernandópolis;    2601;    42032; 16,159938;70,77383; 33;2,77;2,47; 99,96;100,00;100,00;6,315965e+01;  2,13;111,99
Adolfo;São José do Rio Preto;São José do Rio Preto;    3609;    99735; 27,635079;70,68924; 34;2,70;2,44; 99,89;100,00;100,00;4,821859e+01; -4,01;105,91
Reginópolis;Bauru;Bauru;    9042;   147144; 16,273391;70,58014; 35;1,02;0,77; 94,10; 94,57; 89,45;0,000000e+00; 18,25;122,35
Rancharia;Presidente Prudente;Presidente Prudente;   29821;  1323712; 44,388585;70,54203; 36;0,85;0,57; 93,47; 99,83; 99,83;1,178928e+01; 30,44; 82,39
Braúna;Araçatuba;Araçatuba;    5557;    94531; 17,011157;70,54065; 37;1,66;1,59; 88,15; 81,66; 81,66;0,000000e+00;  0,00;194,17
Guarani d'Oeste;São José do Rio Preto;Fernandópolis;    2017;    34008; 16,860684;70,53263; 38;2,90;2,58; 99,15;100,00;100,00;8,113913e+01; -1,54;105,15
Américo de Campos;São José do Rio Preto;Votuporanga;    5967;   104697; 17,546003;70,48966; 39;0,65;0,48; 85,63; 83,84; 83,84;1,356616e+01;  4,98; 85,72
Catanduva;São José do Rio Preto;Catanduva;  120691;  3974659; 32,932522;70,38143; 40;1,97;2,45; 98,28;100,00; 86,78;2,480072e+01;  8,60;146,42
Meridiano;São José do Rio Preto;Fernandópolis;    3892;   289767; 74,451953;70,16497; 41;2,77;2,51; 99,17; 99,89; 99,89;5,954125e+01;  3,43;109,51
Ouroeste;São José do Rio Preto;Fernandópolis;    9897;   439499; 44,407295;70,07567; 42;2,83;2,53;100,00;100,00;100,00;2,243360e+01;  0,64;120,39
Queiroz;Marília;Tupã;    3267;   368857;112,903887;69,98198; 43;2,72;2,42;100,00;100,00;100,00;3,562860e+01; -9,66; 97,91
Ituverava;Franca;Franca;   41414;  1619182; 39,097455;69,98071; 44;1,17;0,79;100,00;100,00;100,00;9,018245e+00; 37,67;103,92
Santa Ernestina;Região Administrativa Central;Araraquara;    5662;    92068; 16,260685;69,95741; 45;2,75;2,44;100,00;100,00;100,00;5,083284e+01;  5,16;108,53
Regente Feijó;Presidente Prudente;Presidente Prudente;   19985;   655921; 32,820665;69,94880; 46;2,73;2,45; 99,86;100,00;100,00;5,844443e+01;  3,62; 99,43
Borá;Marília;Tupã;     839;    74165; 88,396901;69,93164; 47;2,69;2,41;100,00;100,00;100,00;1,189977e+01; -2,49;112,85
Pontes Gestal;São José do Rio Preto;Votuporanga;    2594;   152387; 58,745952;69,84640; 48;2,81;2,53;100,00; 95,56; 95,56;3,525599e+01; -3,51;127,18
Populina;São José do Rio Preto;Fernandópolis;    4240;    98374; 23,201415;69,73814; 49;2,68;2,39; 99,52;100,00;100,00;3,614328e+01; -6,97; 90,66
São José do Rio Preto;São José do Rio Preto;São José do Rio Preto;  450657; 16493968; 36,599826;69,72027; 50;2,19;2,19; 95,81; 89,03; 89,03;1,050718e+02; 10,52;130,67
Paranapuã;São José do Rio Preto;Jales;    4051;    98637; 24,348803;69,71460; 51;2,74;2,49;100,00;100,00;100,00;1,629544e+01;  0,46;111,33
João Ramalho;Marília;Tupã;    4468;   179068; 40,077887;69,59040; 52;1,71;0,85; 85,38; 81,23; 81,23;0,000000e+00; 38,45;283,44
Colina;Barretos;Barretos;   18376;   948979; 51,642305;69,53614; 53;1,47;1,31; 88,18;100,00;100,00;1,958615e+01; 25,47;110,35
Taiaçu;Barretos;Barretos;    6255;    92579; 14,800799;69,30787; 54;0,73;0,55;100,00; 89,41; 89,41;0,000000e+00; 30,99;113,56
Irapuã;São José do Rio Preto;Catanduva;    7878;   149375; 18,961031;69,29310; 55;2,76;2,50; 87,78; 99,56; 99,56;3,164921e+01; -0,11;125,26
Presidente Alves;Bauru;Bauru;    4155;    63297; 15,233935;69,25824; 56;2,73;2,42; 89,82;100,00;100,00;5,862591e+01;  0,12; 98,28
Araçatuba;Araçatuba;Araçatuba;  194874;  6970533; 35,769436;69,24766; 57;2,38;2,30; 98,07;100,00;100,00;1,394114e+02; 24,76;107,46
Dracena;Presidente Prudente;Dracena;   46324;  1166835; 25,188563;69,23298; 58;2,15;1,49;100,00; 96,00; 96,00;1,676786e+01; 19,01;114,50
Osvaldo Cruz;Presidente Prudente;Adamantina;   32709;   878449; 26,856492;69,17785; 59;3,02;2,79; 96,18;100,00;100,00;6,405518e+01;  2,02;112,70
Vitória Brasil;São José do Rio Preto;Jales;    1833;    33787; 18,432624;69,16010; 60;2,75;2,44; 89,59; 97,05; 97,05;3,396434e+01;  2,07;133,36
Santa Clara d'Oeste;São José do Rio Preto;Jales;    2134;    67158; 31,470478;69,15008; 61;2,83;2,57;100,00;100,00;100,00;3,131628e+01;  2,33;102,26
Santa Albertina;São José do Rio Preto;Jales;    5999;   194015; 32,341224;69,14407; 62;2,66;2,38;100,00;100,00;100,00;8,598717e+00;  0,97;100,67
Brotas;Campinas;Rio Claro;   23858;   804016; 33,700059;69,11772; 63;1,46;1,41;100,00;100,00;100,00;2,767593e+01; 33,79; 96,13
Dolcinópolis;São José do Rio Preto;Jales;    2136;    44854; 20,999064;69,07194; 64;2,89;2,64;100,00;100,00;100,00;1,708880e+01;  0,09;109,24
General Salgado;Araçatuba;Araçatuba;   10951;   259863; 23,729614;68,97042; 65;2,79;2,50;100,00; 97,68; 97,68;2,636167e+01;  0,78;103,98
Mirassolândia;São José do Rio Preto;São José do Rio Preto;    4758;   110125; 23,145229;68,91851; 66;0,12;0,07;100,00; 75,76; 75,76;0,000000e+00;  0,00; 25,39
Tarumã;Marília;Assis;   14547;   890298; 61,201485;68,86829; 67;2,85;2,53; 99,41; 98,55; 98,55;2,908236e+01; 10,24;132,45
Jales;São José do Rio Preto;Jales;   49110;  1394460; 28,394624;68,84360; 68;2,99;2,75;100,00;100,00;100,00;3,653739e+01;  4,73;115,57
Pongaí;Bauru;Lins;    3480;    76270; 21,916667;68,82450; 69;2,78;2,55; 96,53;100,00;100,00;1,921134e+01;  0,23;102,95
Dirce Reis;São José do Rio Preto;Jales;    1785;    60552; 33,922689;68,80098; 70;2,65;2,37; 83,26; 97,94; 97,94;2,638401e+01;-10,22;128,17
Anhumas;Presidente Prudente;Presidente Prudente;    4053;    83443; 20,587960;68,77079; 71;2,84;2,62; 98,14; 97,95; 97,95;5,692414e+01; -6,03; 90,89
Quintana;Marília;Tupã;    6530;   157247; 24,080704;68,75881; 72;3,02;2,90;100,00; 98,61; 98,61;7,798670e+01;  0,12; 93,60
Nova Independência;Araçatuba;Andradina;    3745;   134231; 35,842724;68,68983; 73;0,44;0,34;100,00; 93,08; 93,08;8,980170e+00; 27,65; 27,02
Cardoso;São José do Rio Preto;Votuporanga;   12328;   259557; 21,054267;68,68774; 74;2,77;2,53;100,00; 93,49; 93,49;7,954248e+01; -3,64; 90,85
Parapuã;Marília;Tupã;   11073;   358234; 32,352027;68,66729; 75;2,77;2,48; 93,21;100,00;100,00;2,865458e+01; -0,31; 97,37
Severínia;Barretos;Barretos;   17115;   233916; 13,667309;68,60718; 76;1,02;0,71;100,00; 95,33; 94,38;6,492382e+00; 33,98; 82,73
Magda;São José do Rio Preto;Votuporanga;    3185;   106567; 33,459027;68,60261; 77;2,84;2,80; 94,26;100,00;100,00;6,639989e+01;  2,44; 97,98
Paraguaçu Paulista;Marília;Assis;   45255;  1235133; 27,292741;68,58741; 78;2,89;2,66; 94,14;100,00;100,00;1,187918e+02;  7,38; 91,55
Valentim Gentil;São José do Rio Preto;Votuporanga;   12800;   328002; 25,625156;68,51559; 79;2,80;2,53;100,00;100,00;100,00;2,781561e+01;  5,17; 97,68
Tupã;Marília;Tupã;   65758;  1760413; 26,771085;68,51497; 80;3,10;2,88;100,00; 98,21; 98,21;4,217685e+01;  3,64;121,76
Álvares Machado;Presidente Prudente;Presidente Prudente;   24813;   509446; 20,531415;68,47539; 81;2,85;2,57;100,00;100,00;100,00;6,271424e+01;  6,65; 87,04
Rubiácea;Araçatuba;Araçatuba;    3046;    62016; 20,359816;68,47385; 82;2,65;2,37; 92,50;100,00;100,00;1,904331e+01; -2,76; 92,02
Três Fronteiras;São José do Rio Preto;Jales;    5767;   107546; 18,648517;68,45825; 83;2,77;2,48;100,00; 95,73; 95,73;7,392892e+01;  3,51; 86,26
Cândido Mota;Marília;Assis;   31263;  1005667; 32,167962;68,40673; 84;1,47;1,30; 93,77; 98,00; 98,00;4,832661e+00; 24,59; 95,10
Nova Canaã Paulista;São José do Rio Preto;Jales;    1978;    36621; 18,514156;68,37567; 85;2,73;2,42; 85,82;100,00;100,00;6,830898e+01; -6,50; 85,61
Mariápolis;Presidente Prudente;Adamantina;    4087;    60752; 14,864693;68,36647; 86;2,69;2,40; 85,11;100,00;100,00;3,729665e+01;  0,86;102,67
Ribeirão dos Índios;Presidente Prudente;Presidente Prudente;    2243;    37723; 16,818101;68,32190; 87;2,62;2,33; 90,53;100,00;100,00;9,227643e+00;  2,63;109,03
Narandiba;Presidente Prudente;Presidente Prudente;    4746;   204905; 43,174252;68,26791; 88;2,85;2,57; 95,45; 99,94; 99,94;2,478620e+01;-13,32; 93,63
Floreal;São José do Rio Preto;Votuporanga;    2982;    59454; 19,937626;68,23991; 89;2,85;2,59; 92,37;100,00;100,00;3,403588e+01;  4,37;110,01
Santa Adélia;São José do Rio Preto;Catanduva;   15331;   323261; 21,085448;68,23116; 90;0,75;0,61; 98,43; 76,81; 69,20;3,756843e+01; 13,17; 81,65
Nova Guataporanga;Presidente Prudente;Dracena;    2304;    27941; 12,127170;68,22027; 91;2,77;2,49; 94,54;100,00;100,00;2,992564e+01;  7,78;109,96
Urânia;São José do Rio Preto;Jales;    9148;   191071; 20,886642;68,21863; 92;2,93;2,82; 94,21;100,00;100,00;3,356708e+01;  2,40;111,70
Poloni;São José do Rio Preto;São José do Rio Preto;    5935;   143949; 24,254254;68,21285; 93;2,86;2,68; 92,87;100,00;100,00;5,449459e+01;  2,96; 96,67
Franca;Franca;Franca;  347237;  9409310; 27,097660;68,19525; 94;3,00;2,76;100,00; 98,66; 98,66;9,573892e+01; 10,81;103,63
Monções;São José do Rio Preto;Votuporanga;    2249;    73462; 32,664295;68,15977; 95;2,75;2,49; 98,45; 99,64; 99,64;6,554249e+01;  8,51; 83,30
Fernandópolis;São José do Rio Preto;Fernandópolis;   68670;  1930276; 28,109451;68,14773; 96;3,00;2,75;100,00; 96,25; 96,25;5,447335e+01;  5,46;114,05
Santo Anastácio;Presidente Prudente;Presidente Prudente;   21030;   422326; 20,082073;68,14068; 97;2,80;2,54; 92,12;100,00;100,00;3,552783e+01;  8,61;117,35
Uru;Bauru;Lins;    1207;    54568; 45,209611;68,13948; 98;2,86;2,64;100,00;100,00;100,00;1,937523e+01; -7,45; 86,20
Votorantim;Sorocaba;Sorocaba;  119898;  3001782; 25,036131;68,12408; 99;2,67;2,31; 96,19; 95,44; 90,11;8,386377e+01;  9,51;108,88
Piacatu;Araçatuba;Araçatuba;    5846;    95837; 16,393602;68,08680;100;2,74;2,45; 96,00; 99,37; 99,37;5,741722e+01;  9,47; 94,31
Estrela d'Oeste;São José do Rio Preto;Fernandópolis;    8466;   859459;101,518899;68,04777;101;2,94;2,67; 94,44; 95,63; 95,63;5,673617e+01;  1,10;108,05
Tarabai;Presidente Prudente;Presidente Prudente;    7302;   108579; 14,869762;68,01819;102;2,69;2,40; 86,95;100,00;100,00;3,800639e+01;  1,30; 91,67
Sud Mennucci;Araçatuba;Andradina;    7733;   179283; 23,184146;68,00865;103;2,82;2,52; 96,17; 99,45; 99,45;2,156538e+01;  3,42; 99,15
Quatá;Marília;Tupã;   13893;   457945; 32,962283;68,00850;104;2,80;2,52; 93,10;100,00;100,00;6,991616e+01;  7,41; 90,27
Ibirá;São José do Rio Preto;São José do Rio Preto;   12096;   245908; 20,329696;67,94645;105;2,77;2,59; 90,61; 97,25; 97,25;6,660195e+01;  0,63; 90,17
Nova Granada;São José do Rio Preto;São José do Rio Preto;   21071;   459182; 21,792131;67,93679;106;2,78;2,58; 92,94; 97,37; 97,37;4,877190e+01;  3,79;102,14
Oriente;Marília;Marília;    6473;    99054; 15,302642;67,89351;107;2,68;2,38; 95,21;100,00;100,00;1,482242e+01;  3,24; 89,07
Flora Rica;Presidente Prudente;Adamantina;    1571;    39238; 24,976448;67,87117;108;2,69;2,41; 90,73;100,00;100,00;2,855670e+01;  5,25; 98,07
Nipoã;São José do Rio Preto;São José do Rio Preto;    4994;    87351; 17,491189;67,85299;109;2,67;2,41; 88,53; 97,30; 97,30;4,362379e+01; -0,04; 90,22
Saltinho;Campinas;Piracicaba;    8019;   234405; 29,231201;67,84289;110;2,63;2,31; 89,71;100,00;100,00;2,880892e+00; 11,33;139,16
Sagres;Presidente Prudente;Adamantina;    2453;    43299; 17,651447;67,81703;111;2,70;2,40; 87,52;100,00;100,00;1,959073e+01;  3,61;106,42
Estrela do Norte;Presidente Prudente;Presidente Prudente;    2769;    64470; 23,282774;67,81429;112;2,88;2,60; 94,24;100,00;100,00;2,217157e+01;  0,83; 94,32
Santa Fé do Sul;São José do Rio Preto;Jales;   31802;  1013729; 31,876266;67,79244;113;1,78;1,51;100,00;100,00; 84,57;3,518001e+01; 25,18; 94,63
Gastão Vidigal;Araçatuba;Araçatuba;    4683;    66694; 14,241725;67,77361;114;2,69;2,44; 80,40;100,00;100,00;7,401638e+01;  1,73; 89,45
São Francisco;São José do Rio Preto;Jales;    2850;    47985; 16,836842;67,73953;115;2,77;2,49; 91,19;100,00;100,00;2,368065e+01;  1,81; 93,15
Pontalinda;São José do Rio Preto;Jales;    4519;    84618; 18,724939;67,69890;116;2,64;2,35; 81,97;100,00;100,00;3,524060e+01; -0,77; 90,89
Vargem Grande do Sul;Campinas;São João da Boa Vista;   42310;   945585; 22,348972;67,68482;117;1,58;1,35; 98,80; 88,34; 79,51;1,684558e+01; 13,99; 98,90
Fernando Prestes;Região Administrativa Central;Araraquara;    5782;   199549; 34,512107;67,64294;118;2,73;2,46;100,00; 94,78; 94,78;6,474345e+01;  5,08; 80,62
Itapira;Campinas;Campinas;   73844;  3457944; 46,827691;67,63645;119;2,00;2,79; 99,19;100,00;100,00;3,520523e+01; 20,64;100,89
Mombuca;Campinas;Piracicaba;    3470;    92901; 26,772622;67,62982;120;2,97;2,63; 92,12; 85,83; 85,83;5,245983e+02;  6,72; 66,15
José Bonifácio;São José do Rio Preto;São José do Rio Preto;   36198;  1389991; 38,399663;67,61113;121;0,84;0,90; 90,60; 83,30; 83,30;0,000000e+00; 20,72;119,96
Guaraci;Barretos;Barretos;   10964;   376680; 34,356074;67,58740;122;1,06;0,70; 89,97; 85,22; 85,22;0,000000e+00; 13,42; 89,14
Bastos;Marília;Tupã;   21073;  1048120; 49,737579;67,58463;123;3,02;2,74; 89,38; 98,23; 98,23;3,892662e+01;  0,69;112,46
Rosana;Presidente Prudente;Presidente Prudente;   17795;  1255100; 70,531048;67,56554;124;2,97;2,69; 88,77; 99,94; 99,94;3,740179e+01;  2,94;108,67
Guapiaçu;São José do Rio Preto;São José do Rio Preto;   20637;   528980; 25,632602;67,55319;125;1,23;0,97; 88,43; 83,48; 83,48;0,000000e+00; 37,29;199,69
Planalto;São José do Rio Preto;São José do Rio Preto;    5067;   220380; 43,493191;67,51829;126;2,79;2,55; 84,98; 97,39; 97,39;3,820194e+01; -1,73;106,41
Santa Salete;São José do Rio Preto;Jales;    1536;    33653; 21,909505;67,51580;127;2,78;2,45; 78,82;100,00;100,00;2,396596e+01; -3,24;113,34
Lins;Bauru;Lins;   77021;  3573980; 46,402669;67,49579;128;2,69;2,52;100,00; 91,21; 91,21;3,768440e+01;  7,18;117,16
Catiguá;São José do Rio Preto;Catanduva;    7700;   118322; 15,366494;67,47899;129;2,67;2,42;100,00; 96,32; 96,32;1,290983e+01;  4,72; 95,01
Alfredo Marcondes;Presidente Prudente;Presidente Prudente;    4135;    83000; 20,072551;67,47521;130;2,89;2,69;100,00; 93,97; 93,97;3,669492e+01; -4,21; 95,52
Lourdes;Araçatuba;Araçatuba;    2270;    38854; 17,116300;67,46030;131;2,87;2,52; 82,48;100,00;100,00;1,619882e+01; -0,35;115,92
Turmalina;São José do Rio Preto;Fernandópolis;    1827;    61407; 33,610837;67,43422;132;2,67;2,39; 92,84;100,00;100,00;2,077654e+01; -7,78; 69,86
Jeriquara;Franca;Franca;    3202;    83557; 26,095253;67,42255;133;2,77;2,44;100,00;100,00;100,00;1,394956e+01;  5,69; 82,42
Palmeira d'Oeste;São José do Rio Preto;Jales;    9496;   169315; 17,830139;67,41910;134;2,85;2,55; 90,67;100,00;100,00;2,611541e+01;  2,88; 95,88
Teodoro Sampaio;Presidente Prudente;Presidente Prudente;   22914;   479182; 20,912193;67,41225;135;2,86;2,61; 90,22; 96,84; 96,84;5,622016e+01;  2,06; 96,69
Presidente Epitácio;Presidente Prudente;Presidente Prudente;   43897;   853036; 19,432672;67,40251;136;2,94;2,62; 93,40; 95,75; 95,75;5,015698e+01;  2,05;100,98
Aspásia;São José do Rio Preto;Jales;    1842;    33181; 18,013572;67,37400;137;2,63;2,32; 88,22;100,00;100,00;1,525173e+01;  3,79; 93,07
Novo Horizonte;São José do Rio Preto;Catanduva;   40225;  1268736; 31,540982;67,33401;138;3,05;2,81; 95,06; 96,90; 96,90;2,244200e+01;  4,57;127,13
Birigui;Araçatuba;Araçatuba;  120692;  3146638; 26,071637;67,32255;139;1,38;1,18;100,00; 98,72; 98,72;8,720885e-01; 56,43;157,87
Riversul;Itapeva;Itapeva;    5792;    64894; 11,204075;67,29454;140;2,60;2,31; 81,79;100,00;100,00;8,057556e+01;  2,50; 66,20
Cândido Rodrigues;Região Administrativa Central;Araraquara;    2792;   115329; 41,306948;67,29341;141;2,94;2,80; 86,72; 99,90; 99,90;5,307036e+01;  2,14;100,70
Auriflama;Araçatuba;Araçatuba;   15085;   294071; 19,494266;67,29067;142;2,77;2,52; 95,36; 94,34; 94,34;1,817381e+01; -1,12;101,91
Matão;Região Administrativa Central;Araraquara;   82307;  3821843; 46,433997;67,26069;143;2,10;1,16;100,00;100,00;100,00;8,913291e+01; 36,29; 56,21
Monte Alto;Ribeirão Preto;Ribeirão Preto;   49979;  1622754; 32,468717;67,23819;144;3,05;2,81;100,00;100,00;100,00;3,029496e+01;  5,44; 93,58
Iacri;Marília;Tupã;    6434;   205719; 31,973733;67,22303;145;2,64;2,36; 88,88;100,00;100,00;1,900406e+01;  6,36; 95,62
Guaíra;Barretos;Barretos;   40287;  3697276; 91,773426;67,20103;146;0,66;0,41;100,00; 80,00; 80,00;5,802688e+00; 22,83; 65,57
Mesópolis;São José do Rio Preto;Jales;    1926;    57279; 29,739875;67,17356;147;2,70;2,39; 93,25; 94,67; 94,67;2,364472e+01;  1,52; 95,43
Luiziânia;Araçatuba;Araçatuba;    5633;    70636; 12,539677;67,17251;148;2,72;2,46; 86,27;100,00;100,00;2,113001e+01;  1,31; 90,81
Coronel Macedo;Itapeva;Itapeva;    4840;    80082; 16,545868;67,13910;149;2,60;2,31; 82,70; 97,83; 97,83;6,607942e+01; -7,06; 69,60
Cravinhos;Ribeirão Preto;Ribeirão Preto;   34651;  1035236; 29,876079;67,09993;150;1,32;1,07; 97,51; 91,81; 91,81;9,246243e-01; 26,21; 88,01
Indiaporã;São José do Rio Preto;Fernandópolis;    3951;    92773; 23,480891;67,06703;151;2,82;2,52; 84,60; 98,59; 98,59;8,441886e+00; -1,05;115,10
Palmares Paulista;São José do Rio Preto;Catanduva;   12730;   118360;  9,297722;67,02812;152;2,55;2,32; 84,89;100,00;100,00;2,184479e+01;  7,44; 97,42
Assis;Marília;Assis;  102924;  3303948; 32,100851;67,02331;153;3,11;2,98; 99,98; 99,56; 99,56;2,606085e+01; 10,09;119,46
Inúbia Paulista;Presidente Prudente;Adamantina;    3933;   139899; 35,570557;67,00474;154;3,08;2,94; 88,80;100,00;100,00;1,002065e+02;  5,10; 91,62
Santa Mercedes;Presidente Prudente;Dracena;    2945;    77175; 26,205433;66,95648;155;2,79;2,50;100,00; 95,51; 95,51;2,275824e+01;  6,01; 93,23
Adamantina;Presidente Prudente;Adamantina;   35139;  1054541; 30,010558;66,87214;156;3,10;2,91;100,00; 97,37; 97,37;5,883487e+01; 11,44;110,67
Emilianópolis;Presidente Prudente;Presidente Prudente;    3197;    60725; 18,994370;66,85619;157;2,65;2,36; 90,85; 98,45; 98,45;1,028514e+01; 10,93;114,69
Guzolândia;Araçatuba;Araçatuba;    5179;    61632; 11,900367;66,79314;158;2,70;2,45; 85,51;100,00;100,00;1,809156e+01;  3,60; 93,55
Maracaí;Marília;Assis;   13981;   415247; 29,700808;66,68737;159;2,78;2,50; 92,48;100,00;100,00;1,130947e+01; 17,15;130,23
Pirapozinho;Presidente Prudente;Presidente Prudente;   27021;   962053; 35,603901;66,67914;160;3,01;2,91; 96,78; 97,09; 97,09;3,305353e+01;  4,44;102,62
Piquerobi;Presidente Prudente;Presidente Prudente;    3693;    54210; 14,679123;66,64272;161;2,72;2,42; 79,16;100,00;100,00;2,858812e+01; -7,32; 87,01
Monte Aprazível;São José do Rio Preto;São José do Rio Preto;   24393;   724490; 29,700734;66,59986;162;2,84;2,59; 91,68; 95,07; 95,07;2,599720e+01;  4,11;107,18
Guará;Franca;Franca;   21081;   422381; 20,036099;66,56558;163;2,19;2,17;100,00; 99,97; 99,97;8,818672e+00; 25,43; 97,13
Alto Alegre;Araçatuba;Araçatuba;    4154;   110458; 26,590756;66,55448;164;2,70;2,38; 82,09;100,00;100,00;2,095178e+01;  2,15; 87,53
Cristais Paulista;Franca;Franca;    8424;   195654; 23,225783;66,54982;165;0,65;0,45; 71,85; 87,92; 87,92;3,805175e+01; 26,87; 72,03
Buritama;Araçatuba;Araçatuba;   16841;   604101; 35,870851;66,54845;166;2,02;1,86;100,00; 81,06; 81,06;3,134456e+01; 11,44;109,62
Sales;São José do Rio Preto;Catanduva;    6144;   142344; 23,167969;66,51617;167;1,07;1,36; 90,02; 97,52; 95,25;0,000000e+00; 34,96;107,35
Macedônia;São José do Rio Preto;Fernandópolis;    3736;    76026; 20,349572;66,48582;168;2,68;2,41; 79,45;100,00;100,00;8,205035e+00; -5,48; 98,24
Cajuru;Ribeirão Preto;Ribeirão Preto;   25655;   575023; 22,413682;66,46933;169;2,81;2,48; 90,81; 95,79; 95,79;8,651643e+01;  8,37; 81,47
Batatais;Franca;Franca;   61480;  1479439; 24,063744;66,40185;170;0,97;0,46; 88,44; 78,09; 78,09;3,351939e+00; 18,77; 96,30
Arco-Íris;Marília;Tupã;    1856;    47754; 25,729526;66,39474;171;2,66;2,34; 65,82;100,00;100,00;2,611275e+01; -9,98;112,16
Caiabu;Presidente Prudente;Presidente Prudente;    4211;    60597; 14,390169;66,36893;172;2,67;2,39; 85,16; 93,13; 93,13;7,592315e+01; -3,34; 74,07
Itápolis;Região Administrativa Central;Araraquara;   42747;  1373099; 32,121529;66,36530;173;1,47;1,46;100,00; 85,00; 85,00;2,628747e+00; 20,31;100,48
Lucianópolis;Bauru;Bauru;    2381;    48799; 20,495170;66,29301;174;2,93;2,61; 81,68; 99,09; 99,09;6,032914e-01; -3,16;127,90
Nova Luzitânia;Araçatuba;Araçatuba;    3953;    46502; 11,763724;66,27859;175;2,72;2,42; 78,64; 96,10; 96,10;4,448163e+01; -1,31; 91,74
Itobi;Campinas;São João da Boa Vista;    7853;   123341; 15,706227;66,27830;176;2,78;2,48; 90,54; 93,82; 93,82;1,271825e+02;  8,36; 73,03
Gabriel Monteiro;Araçatuba;Araçatuba;    2791;    75607; 27,089574;66,26184;177;2,80;2,52; 96,51;100,00;100,00;2,534462e+01; 13,50; 88,71
São João da Boa Vista;Campinas;São João da Boa Vista;   90089;  2923319; 32,449234;66,25254;178;3,07;2,74;100,00; 95,99; 95,99;2,732953e+01; 13,05;119,20
Dois Córregos;Bauru;Jaú;   26891;   653858; 24,315124;66,20560;179;1,48;1,50; 94,64; 99,15; 99,15;1,785420e+00; 41,12;110,51
Bocaina;Bauru;Jaú;   12040;   225211; 18,705233;66,19827;180;2,81;2,47;100,00; 98,94; 98,94;2,787962e+01; 17,72; 94,50
Lavínia;Araçatuba;Andradina;   11156;   147534; 13,224632;66,19756;181;0,51;0,32; 48,81;100,00; 90,88;0,000000e+00;  6,26; 48,90
Sebastianópolis do Sul;São José do Rio Preto;Votuporanga;    3411;   311501; 91,322486;66,19308;182;3,05;2,86; 83,60;100,00;100,00;2,600094e+01; -3,68;101,39
Ouro Verde;Presidente Prudente;Dracena;    8440;   114298; 13,542417;66,16231;183;0,24;0,29; 92,00; 71,43; 71,43;0,000000e+00; 18,33; 86,77
Pereiras;Sorocaba;Botucatu;    8410;   198021; 23,545898;66,13123;184;2,29;1,99; 78,24;100,00; 93,95;5,868712e+01;  7,96; 66,65
Nova Europa;Região Administrativa Central;Araraquara;   10755;   303797; 28,247048;66,12867;185;0,26;0,22; 92,74; 82,80; 82,34;6,248270e+00; 40,32; 79,42
Salmourão;Presidente Prudente;Adamantina;    5222;    70943; 13,585408;66,11797;186;2,81;2,51; 86,91;100,00;100,00;1,242752e+01;  3,97; 89,86
Santa Rosa de Viterbo;Ribeirão Preto;Ribeirão Preto;   26067;   768791; 29,492884;66,09447;187;2,78;2,47; 96,57; 98,24; 98,24;2,453513e+01; 10,64; 82,34
Colômbia;Barretos;Barretos;    6225;   358220; 57,545382;66,08931;188;2,69;2,36; 95,47; 98,99; 98,99;3,021571e+01;  9,46; 64,69
Turiúba;Araçatuba;Araçatuba;    2016;    47044; 23,335317;66,07475;189;2,85;2,54; 80,17;100,00;100,00;1,040055e+01;  0,15; 99,09
Coroados;Araçatuba;Araçatuba;    5885;   161861; 27,503993;66,05105;190;2,71;2,42; 87,29; 95,03; 95,03;3,910106e+01;  4,24; 86,57
Itirapuã;Franca;Franca;    6405;    78283; 12,222170;65,99176;191;2,76;2,41; 87,23; 94,63; 94,63;1,422713e+01;  2,16;100,18
Lucélia;Presidente Prudente;Adamantina;   21461;   428339; 19,958949;65,97804;192;2,92;2,66; 89,86;100,00;100,00;2,326689e+01; 11,07;104,94
Avaré;Sorocaba;Avaré;   89479;  2621040; 29,292236;65,92617;193;3,08;2,93; 99,11; 99,91; 99,91;5,221779e+01; 20,43;112,86
Ilha Solteira;Araçatuba;Andradina;   26540;   627436; 23,641145;65,91028;194;0,83;0,81;100,00; 76,22; 76,22;5,505898e+00; 19,52; 72,20
União Paulista;São José do Rio Preto;São José do Rio Preto;    1793;    49113; 27,391523;65,87532;195;2,87;2,57; 78,44;100,00;100,00;2,119935e+01; -7,06; 91,36
Paulo de Faria;São José do Rio Preto;São José do Rio Preto;    8953;   261240; 29,179046;65,85981;196;2,75;2,47; 88,25; 97,45; 97,45;4,304648e+01;  5,88; 74,67
Bento de Abreu;Araçatuba;Araçatuba;    2925;   169771; 58,041368;65,84421;197;2,79;2,49; 92,83; 99,70; 99,70;2,724656e+01; 14,59; 91,76
Altair;Barretos;Barretos;    4109;   210081; 51,127038;65,84227;198;2,80;2,48; 81,16; 98,64; 98,64;4,088756e+01; -6,41; 71,03
Campina do Monte Alegre;Itapeva;Itapeva;    5963;   105998; 17,775952;65,82444;199;2,77;2,48; 89,88; 95,15; 95,15;1,409155e+01; -3,35; 83,38
Guariba;Ribeirão Preto;Ribeirão Preto;   39216;   889457; 22,680972;65,79153;200;2,69;2,41; 98,28; 98,41; 98,41;2,033403e+01; 20,31; 99,18
Echaporã;Marília;Marília;    6247;   128090; 20,504242;65,69098;201;2,76;2,45; 97,92; 99,31; 99,31;1,178815e+00; 13,53;100,01
Silveiras;São José dos Campos;Cruzeiro;    6228;    67360; 10,815671;65,68086;202;2,74;2,43; 63,94; 90,58; 90,58;3,544595e+02; -5,47; 61,71
Capão Bonito;Itapeva;Itapeva;   47463;   814415; 17,158945;65,62388;203;2,85;2,58; 88,76; 92,13; 92,13;4,541634e+01;  6,40;105,82
Presidente Prudente;Presidente Prudente;Presidente Prudente;  225271;  7806813; 34,655206;65,60932;204;3,14;2,97;100,00;100,00;100,00;4,233689e+01; 17,77;104,21
Paraíso;São José do Rio Preto;Catanduva;    6369;   231582; 36,360810;65,59964;205;0,82;0,56; 87,96; 88,53; 88,53;6,024801e+00; 40,35; 90,57
Taciba;Presidente Prudente;Presidente Prudente;    6193;   152074; 24,555789;65,57752;206;3,10;2,96; 95,58; 99,91; 99,91;3,824463e+01; 10,12; 90,15
Brejo Alegre;Araçatuba;Araçatuba;    2812;   193425; 68,785562;65,51503;207;2,74;2,41; 92,33; 84,99; 84,99;3,405262e+01;  4,09;118,04
Marinópolis;São José do Rio Preto;Jales;    2140;    34589; 16,163084;65,51125;208;2,84;2,54; 81,58;100,00;100,00;1,266606e+01;  3,89; 93,24
Santo Expedito;Presidente Prudente;Presidente Prudente;    3057;    38100; 12,463199;65,47636;209;2,80;2,55; 92,48; 87,21; 87,21;9,440838e+01;  3,94; 85,89
Taquarituba;Itapeva;Itapeva;   23240;   650632; 27,996213;65,44578;210;3,27;3,40; 95,62; 99,99; 99,99;1,809137e+01;  5,56;111,42
Piratininga;Bauru;Bauru;   13335;   217591; 16,317285;65,43413;211;2,96;2,69; 88,93; 90,88; 90,88;3,946468e+01;  2,44;107,73
Peruíbe;Santos;Santos;   66572;  1346872; 20,231809;65,43211;212;3,29;3,31; 96,66; 90,44; 90,44;3,588330e+02; 10,32; 67,35
Roseira;São José dos Campos;Guaratinguetá;   10512;   283507; 26,969844;65,36773;213;2,75;2,40; 93,20; 95,05; 95,05;5,661460e+01; 16,78; 90,49
Lutécia;Marília;Assis;    2705;    92409; 34,162292;65,33811;214;2,93;2,62; 91,36;100,00;100,00;2,605016e+01;  9,40; 79,02
Piraju;Itapeva;Itapeva;   29790;   700235; 23,505707;65,28333;215;2,91;2,59; 96,50; 96,84; 92,97;7,667161e+01; 20,40; 99,50
Óleo;Marília;Ourinhos;    2583;    88221; 34,154472;65,27508;216;2,84;2,50; 88,38; 90,36; 90,36;2,580868e+02; 18,03; 77,63
Fernão;Marília;Marília;    1691;    46064; 27,240686;65,26830;217;2,91;2,60; 59,21;100,00;100,00;1,134893e+02; -9,75; 89,14
Glicério;Araçatuba;Araçatuba;    4800;    97062; 20,221250;65,25496;218;2,73;2,43; 66,28; 99,93; 99,93;2,173578e+01;  5,15;114,80
Alvinlândia;Marília;Marília;    3196;    63814; 19,966834;65,24737;219;2,62;2,33; 91,92; 99,00; 99,00;1,447516e+01;  8,94; 62,05
Areiópolis;Sorocaba;Botucatu;   11107;   134784; 12,135050;65,18011;220;2,67;2,38; 96,19; 95,60; 95,60;2,412430e+01; 15,02; 83,97
Cruzália;Marília;Assis;    2161;   131219; 60,721425;65,17025;221;2,81;2,50; 89,43;100,00;100,00;4,373471e+00; 13,84;106,00
Presidente Bernardes;Presidente Prudente;Presidente Prudente;   13420;   253922; 18,921162;65,15489;222;2,94;2,66; 86,11; 92,17; 92,17;2,413653e+01; -4,10;101,96
Pereira Barreto;Araçatuba;Andradina;   25790;   817570; 31,701047;65,12221;223;1,19;1,33; 93,06; 80,00; 80,00;2,180203e+00; 22,53;108,54
São José da Bela Vista;Franca;Franca;    8885;   161031; 18,123917;65,11723;224;0,33;0,40; 95,06; 79,12; 79,12;0,000000e+00; 40,71; 99,90
Flórida Paulista;Presidente Prudente;Adamantina;   14282;   196744; 13,775662;65,10446;225;2,74;2,48; 71,61;100,00;100,00;1,948484e+01;  7,39;109,11
Lupércio;Marília;Marília;    4573;    69516; 15,201400;65,06261;226;2,67;2,38; 89,67; 97,32; 97,32;1,726703e+01;  9,30; 75,93
Altinópolis;Ribeirão Preto;Ribeirão Preto;   16219;   526939; 32,488994;65,05269;227;0,72;0,56; 87,37; 82,15; 82,15;2,490100e+01; 31,69; 62,58
Miguelópolis;Franca;Franca;   21973;  1121079; 51,020753;64,99612;228;2,49;2,23; 83,47;100,00;100,00;2,852156e+01; 18,16; 83,09
Santos;Santos;Santos;  434742; 22532672; 51,829987;64,98965;229;3,92;3,98;100,00; 97,64; 97,64;4,652044e+01;  6,99;143,74
Cesário Lange;Sorocaba;Itapetininga;   17587;   419188; 23,835105;64,92339;230;2,94;2,60; 84,48; 78,45; 78,45;4,461777e+02;  3,76; 68,24
Rubinéia;São José do Rio Preto;Jales;    3102;    81574; 26,297228;64,90338;231;2,76;2,39;100,00; 78,41; 78,41;4,288806e+01; -6,95;101,12
Parisi;São José do Rio Preto;Votuporanga;    2150;    48813; 22,703721;64,78008;232;1,51;1,22; 80,86; 79,62; 79,62;0,000000e+00; 14,20;128,63
Platina;Marília;Assis;    3488;    90806; 26,033830;64,77938;233;2,68;2,39; 74,35;100,00;100,00;4,408350e-01;  2,76; 99,86
Patrocínio Paulista;Franca;Franca;   14351;   900987; 62,782175;64,75560;234;0,82;0,84;100,00; 79,72; 79,72;0,000000e+00; 29,13; 79,11
Boracéia;Bauru;Jaú;    4717;   279209; 59,192071;64,74892;235;3,14;2,93;100,00;100,00;100,00;2,567820e+01; 19,43;100,33
Iracemápolis;Campinas;Limeira;   23264;  1309627; 56,294145;64,74429;236;1,99;1,50; 98,97;100,00;100,00;0,000000e+00; 48,32;121,78
Mococa;Campinas;São João da Boa Vista;   68994;  2228392; 32,298345;64,72211;237;2,87;2,55; 98,23; 93,18; 93,18;3,982715e+01; 17,53; 96,54
Valinhos;Campinas;Campinas;  124024;  5734500; 46,237019;64,70791;238;2,83;2,92; 93,10;100,00;100,00;4,223441e+01; 23,04;104,23
Itajobi;São José do Rio Preto;Catanduva;   15246;  1191836; 78,173685;64,68571;239;1,62;1,55;100,00; 80,00; 76,80;0,000000e+00; 33,03;164,26
Icém;São José do Rio Preto;São José do Rio Preto;    8112;   179057; 22,073102;64,67932;240;2,67;2,36; 91,33; 91,43; 91,43;1,378422e+01;  2,52; 74,14
Pindamonhangaba;São José dos Campos;Taubaté;  164000;  7003490; 42,704207;64,66547;241;3,00;2,68;100,00; 93,71; 93,71;5,353826e+01; 21,35;104,99
Restinga;Franca;Franca;    7384;   166543; 22,554577;64,64898;242;2,74;2,51; 91,48; 97,35; 97,35;1,789640e+01;  8,90; 69,20
Santo Antônio da Alegria;Ribeirão Preto;Ribeirão Preto;    6829;   145308; 21,278079;64,62389;243;0,89;0,63;100,00; 86,05; 82,33;0,000000e+00; 51,11;120,68
Pedrinhas Paulista;Marília;Assis;    3087;   150809; 48,852932;64,61753;244;2,99;2,65; 88,27;100,00;100,00;4,590178e+00; 11,92;105,41
Botucatu;Sorocaba;Botucatu;  142546;  4290669; 30,100241;64,57372;245;3,08;2,78;100,00; 92,56; 92,56;9,928806e+01; 23,66;105,87
Castilho;Araçatuba;Andradina;   20362;  1001129; 49,166536;64,53990;246;3,30;3,05; 74,71; 98,53; 98,53;1,280722e+02; 18,63;135,12
Rifaina;Franca;Franca;    3618;   111766; 30,891653;64,48563;247;2,96;2,62; 85,93; 92,19; 92,19;8,562492e+01;  1,21; 61,01
Ocauçu;Marília;Marília;    4308;   124606; 28,924327;64,48122;248;0,71;0,40; 79,85; 83,48; 83,48;2,905980e+01; 39,68; 79,98
Jaborandi;Barretos;Barretos;    6917;   142101; 20,543733;64,47938;249;2,64;2,32; 81,62;100,00;100,00;2,234399e+01; 12,62; 73,88
Borborema;Região Administrativa Central;Araraquara;   15791;   409114; 25,908049;64,47408;250;1,68;1,32; 90,13; 87,00; 87,00;7,786493e+00; 33,75;116,86
Gavião Peixoto;Região Administrativa Central;Araraquara;    4739;   839815;177,213547;64,46273;251;0,64;0,62;100,00; 61,86; 61,86;6,370433e+00; 50,00;199,89
Nhandeara;São José do Rio Preto;Votuporanga;   11398;   318012; 27,900684;64,44253;252;2,93;2,80; 86,03; 97,51; 97,51;3,596837e+01;  3,93; 70,11
Taguaí;Itapeva;Itapeva;   13111;   225749; 17,218290;64,44169;253;2,78;2,47; 87,62; 89,95; 89,95;8,487894e+00; -0,08; 93,55
Votuporanga;São José do Rio Preto;Votuporanga;   92768;  2808057; 30,269673;64,43050;254;2,68;3,10;100,00; 79,82; 79,82;3,374984e+01; 11,51;152,51
Sandovalina;Presidente Prudente;Presidente Prudente;    4174;   396791; 95,062530;64,41143;255;2,76;2,50; 72,03;100,00;100,00;2,350927e+01;  6,04; 87,79
Taubaté;São José dos Campos;Taubaté;  307953; 16799723; 54,552880;64,38124;256;3,21;2,81;100,00; 95,78; 95,78;3,175360e+01; 26,01;130,86
Luís Antônio;Ribeirão Preto;Ribeirão Preto;   14021;  1323520; 94,395550;64,33746;257;0,14;0,14; 88,40; 74,62; 74,62;9,060121e+00; 25,41; 32,84
Oscar Bressane;Marília;Marília;    2616;    83957; 32,093654;64,33433;258;2,89;2,66; 87,32;100,00;100,00;1,740561e+00; 10,41; 98,48
Timburi;Marília;Ourinhos;    2690;    47738; 17,746468;64,31546;259;2,84;2,55; 69,66;100,00;100,00;6,338793e+01; -3,52; 55,75
Martinópolis;Presidente Prudente;Presidente Prudente;   26123;   462852; 17,718179;64,25210;260;1,01;1,01;100,00; 80,31; 80,31;6,455742e-02; 34,05; 95,98
Agudos;Bauru;Bauru;   36880;  2063022; 55,938774;64,24658;261;3,36;0,00;100,00; 91,11; 65,67;1,009939e+02; 20,14; 60,34
Elisiário;São José do Rio Preto;Catanduva;    3537;    67898; 19,196494;64,24175;262;1,40;1,55; 91,59; 88,67; 88,67;0,000000e+00; 26,63; 91,80
Aparecida d'Oeste;São José do Rio Preto;Jales;    4329;   125464; 28,982213;64,14840;263;3,40;3,74; 89,16; 95,91; 95,91;3,782802e+01;  4,65;126,06
São Manuel;Sorocaba;Botucatu;   40692;  1104715; 27,148211;64,14153;264;2,88;2,59; 99,90; 92,89; 92,89;3,910274e+01; 23,92;105,30
Manduri;Sorocaba;Avaré;    9714;   209533; 21,570208;64,11547;265;1,04;1,02; 86,49; 71,56; 71,56;0,000000e+00; 26,67;153,06
Engenheiro Coelho;Campinas;Campinas;   19497;   596633; 30,601272;64,07261;266;1,46;1,12; 73,14; 97,02; 97,02;0,000000e+00; 33,66;101,42
Pirangi;Barretos;Barretos;   11323;   296223; 26,161176;64,06988;267;1,75;1,47;100,00; 95,33; 95,33;3,164408e+00; 36,66; 65,57
Terra Roxa;Barretos;Barretos;    9227;   147580; 15,994364;64,04847;268;2,78;2,47; 82,78;100,00;100,00;2,417237e+01; 16,84; 87,27
Pedregulho;Franca;Franca;   16645;   973303; 58,474196;63,99481;269;2,81;2,49; 78,35; 94,13; 94,13;7,816074e+01;  8,07; 73,68
Jaboticabal;Ribeirão Preto;Ribeirão Preto;   76563;  2752005; 35,944320;63,95311;270;1,84;1,76; 97,63; 94,04; 90,80;2,006171e+00; 37,85;107,07
Torrinha;Campinas;Rio Claro;    9934;   213334; 21,475136;63,94467;271;2,91;2,78; 91,98; 98,38; 98,38;4,338111e+01; 22,09; 93,98
Pratânia;Sorocaba;Botucatu;    5126;   112344; 21,916504;63,91230;272;2,76;2,48; 91,54; 95,95; 95,95;2,020885e+01; 21,81;101,63
Mira Estrela;São José do Rio Preto;Fernandópolis;    3045;    66657; 21,890640;63,90158;273;2,81;2,58; 62,69;100,00;100,00;9,112723e+00; -2,44;100,04
Ubarana;São José do Rio Preto;São José do Rio Preto;    6080;   349317; 57,453454;63,85154;274;0,60;0,60; 96,46; 70,00; 70,00;4,938222e+00; 24,83; 69,96
Santa Cruz da Esperança;Ribeirão Preto;Ribeirão Preto;    2110;    55604; 26,352607;63,82099;275;2,76;2,43; 83,00; 96,46; 96,46;2,180622e+01;  6,00; 63,63
Orindiúva;São José do Rio Preto;São José do Rio Preto;    6731;   438061; 65,081117;63,81396;276;2,93;2,78; 86,10; 88,80; 88,80;5,805098e+01;  6,73; 99,20
Morro Agudo;Franca;São Joaquim da Barra;   32220;  1328960; 41,246431;63,79487;277;0,84;0,87;100,00; 90,00; 90,00;0,000000e+00; 49,19; 74,21
Jaguariúna;Campinas;Campinas;   54204; 11346028;209,320862;63,78954;278;1,78;1,64; 97,11; 88,95; 76,35;1,017563e+01; 26,95; 99,50
Porto Feliz;Sorocaba;Sorocaba;   52507;  1926483; 36,690022;63,75411;279;2,96;2,76;100,00; 99,78; 80,05;1,081030e+02; 27,85;106,91
Álvaro de Carvalho;Marília;Marília;    5119;    49483;  9,666536;63,75001;280;2,70;2,40; 62,85;100,00;100,00;1,806577e+01;  3,31; 86,18
Mongaguá;Santos;Santos;   54257;   986035; 18,173415;63,69948;281;3,15;3,09; 92,11; 87,26; 87,26;2,308390e+02;  9,69; 68,49
Americana;Campinas;Campinas;  233868; 10382873; 44,396296;63,68274;282;2,04;2,27;100,00;100,00; 64,56;5,117240e+01; 29,50;110,11
Limeira;Campinas;Limeira;  300911; 12154751; 40,393176;63,65767;283;3,96;4,15; 97,02;100,00;100,00;1,393262e+02; 13,41;106,33
Lagoinha;São José dos Campos;Taubaté;    4943;    54614; 11,048756;63,65487;284;2,57;2,24; 64,33;100,00;100,00;2,080174e+01;  1,50; 59,47
Ubirajara;Bauru;Bauru;    4734;    89199; 18,842205;63,62384;285;2,87;2,59; 76,38; 86,41; 86,41;8,283685e+01; -3,41; 89,62
Pederneiras;Bauru;Bauru;   45708;  1723581; 37,708519;63,62292;286;3,01;2,76; 98,94; 94,99; 94,99;3,324941e+01; 24,67;105,07
Igarapava;Franca;Franca;   30073;  1076232; 35,787318;63,59885;287;2,92;2,62; 94,17; 94,39; 94,39;2,114129e+01; 17,18; 93,58
Santa Cruz do Rio Pardo;Marília;Ourinhos;   47148;  2042409; 43,319102;63,49736;288;3,04;2,79; 99,77; 95,37; 95,37;5,007020e+01; 31,39;113,97
Águas da Prata;Campinas;São João da Boa Vista;    8104;   153773; 18,974951;63,48106;289;2,81;2,47; 94,51; 95,61; 93,07;9,092296e+01; 21,90; 59,91
Sarutaiá;Itapeva;Itapeva;    3681;    64780; 17,598479;63,48008;290;2,74;2,49; 88,86; 89,23; 89,23;3,563741e-01; -3,02; 89,34
Itaí;Itapeva;Itapeva;   26526;   587796; 22,159240;63,46459;291;2,79;2,51; 67,65; 98,15; 98,15;3,079592e+01;  6,05; 86,01
Pedranópolis;São José do Rio Preto;Fernandópolis;    2547;    63904; 25,089910;63,43626;292;2,72;2,44; 77,27; 95,11; 95,11;7,394422e+00; -1,58; 69,99
Bernardino de Campos;Marília;Ourinhos;   11180;   236668; 21,168873;63,43279;293;3,10;3,09; 92,05;100,00;100,00;5,128918e+00; 11,55; 91,95
Palestina;São José do Rio Preto;São José do Rio Preto;   12542;   398720; 31,790783;63,43127;294;3,25;2,88; 82,31; 85,92; 80,15;8,597384e+01;  4,61;131,62
Paulistânia;Bauru;Bauru;    1841;    36487; 19,819120;63,30574;295;2,86;2,55; 67,25;100,00;100,00;5,158227e+01;  4,87; 63,59
Cássia dos Coqueiros;Ribeirão Preto;Ribeirão Preto;    2591;   139851; 53,975685;63,22487;296;2,92;2,53; 81,94; 91,78; 91,78;4,378111e+01;  5,44; 74,37
Santa Rita d'Oeste;São José do Rio Preto;Jales;    2544;    56605; 22,250393;63,21559;297;0,70;0,23; 72,55; 94,93; 94,93;1,646215e+00; 50,44; 70,28
Jaú;Bauru;Jaú;  146338;  4560371; 31,163273;63,19628;298;2,61;2,79; 96,89;100,00;100,00;6,579154e+01; 35,73; 77,82
Onda Verde;São José do Rio Preto;São José do Rio Preto;    4286;   122671; 28,621325;63,18806;299;3,05;2,95; 98,04; 90,99; 90,99;1,566785e+01;  7,87; 85,93
Dourado;Região Administrativa Central;São Carlos;    8909;   595049; 66,791896;63,18217;300;2,85;2,55; 97,88; 99,50; 99,50;1,687692e+01; 26,06; 75,35
Buritizal;Franca;Franca;    4408;   178048; 40,392015;63,11219;301;2,81;2,50; 81,72;100,00;100,00;1,534901e+01; 12,88; 67,10
Espírito Santo do Turvo;Marília;Ourinhos;    4713;    71536; 15,178443;63,06057;302;2,88;2,57; 83,05; 99,31; 99,31;1,058752e+01; 19,21; 98,00
Euclides da Cunha Paulista;Presidente Prudente;Presidente Prudente;    9559;   109935; 11,500680;63,01474;303;2,83;2,49; 67,94; 96,36; 96,36;9,567850e+00;  5,26;101,03
Itatinga;Sorocaba;Botucatu;   20158;   311156; 15,435857;62,98624;304;2,78;2,50; 83,36; 98,54; 98,54;3,382112e+01; 25,67; 95,37
Avaí;Bauru;Bauru;    5337;   263902; 49,447630;62,98246;305;3,00;2,75; 62,47; 97,99; 97,99;1,154785e+01; -0,03;105,17
Taquaritinga;Região Administrativa Central;Araraquara;   56951;  1469101; 25,795877;62,89537;306;1,50;1,63; 94,78; 80,00; 80,00;6,497122e+00; 24,41; 83,21
Mirassol;São José do Rio Preto;São José do Rio Preto;   58760;  1956637; 33,298792;62,89369;307;3,19;3,20; 95,89; 90,69; 72,55;1,788949e+02; 15,33;109,17
Elias Fausto;Campinas;Piracicaba;   17393;   632336; 36,355775;62,88806;308;3,05;2,82; 83,16;100,00;100,00;4,112819e+01;  9,92; 55,63
Espírito Santo do Pinhal;Campinas;São João da Boa Vista;   44170;  1259012; 28,503781;62,88483;309;2,96;2,62; 88,11; 94,38; 94,38;4,096580e+01; 18,25; 87,23
Leme;Campinas;Limeira;  101184;  2978265; 29,434150;62,77175;310;2,62;2,39; 97,94; 98,32; 98,32;2,651982e+01; 49,84;126,85
Balbinos;Bauru;Bauru;    5188;    54394; 10,484580;62,73643;311;2,65;2,27; 32,18; 99,32; 99,32;5,258497e+01; -5,11;108,62
Guaraçaí;Araçatuba;Andradina;    8466;   228993; 27,048547;62,66914;312;1,78;1,60; 78,88; 84,03; 84,03;4,198728e+00; 18,15; 93,71
Buri;Itapeva;Itapeva;   19737;   368506; 18,670821;62,58544;313;2,81;2,48; 85,45; 86,08; 86,08;2,690883e+01;  7,43; 91,06
Santa Rita do Passa Quatro;Região Administrativa Central;São Carlos;   27590;   641179; 23,239543;62,44899;314;1,71;1,12;100,00; 79,76; 34,82;5,508021e+01; 15,16;102,60
Chavantes;Marília;Ourinhos;   12487;   211527; 16,939777;62,35286;315;1,18;0,69; 92,15; 89,60; 89,60;0,000000e+00; 49,36; 75,98
Várzea Paulista;Campinas;Jundiaí;  118917;  2658620; 22,356938;62,28596;316;2,87;2,61; 93,98; 99,09; 99,09;2,708425e+01; 27,16; 68,26
Fartura;Itapeva;Itapeva;   16028;   388647; 24,248003;62,28079;317;2,96;2,67; 88,80; 93,99; 93,99;5,209883e+00; 16,00; 98,58
São José dos Campos;São José dos Campos;São José dos Campos;  703219; 39829404; 56,638692;62,24624;318;3,03;2,81;100,00; 94,16; 94,15;2,236252e+01; 29,32;103,71
Águas de Lindóia;Campinas;Bragança Paulista;   18509;   472984; 25,554271;62,20972;319;2,17;2,42; 99,10;100,00; 60,91;2,722268e+01; 21,67; 91,27
Lorena;São José dos Campos;Guaratinguetá;   87980;  2439667; 27,729791;62,20403;320;2,94;2,67;100,00; 92,79; 92,79;2,511279e+01; 31,75;106,03
Bananal;São José dos Campos;Cruzeiro;   10867;   202204; 18,607159;62,14641;321;2,77;2,44; 77,61; 87,28; 87,28;3,397720e+01;  0,16; 63,92
Sertãozinho;Ribeirão Preto;Ribeirão Preto;  122643;  5362996; 43,728513;62,06436;322;1,33;1,34; 99,64; 80,00; 80,00;5,728516e+00; 37,55; 78,02
Arandu;Itapeva;Itapeva;    6368;   119198; 18,718279;61,96565;323;2,92;2,58; 65,53;100,00;100,00;4,280948e+01; 23,10;109,16
Itaberá;Itapeva;Itapeva;   17879;   535071; 29,927345;61,86654;324;2,80;2,48; 75,12; 88,01; 88,01;3,087788e+01;  7,28; 89,35
Pirajuí;Bauru;Bauru;   24973;   450364; 18,034037;61,85818;325;1,00;0,76; 99,45; 86,38; 31,67;2,507298e+00; 26,56;113,50
Itapura;Araçatuba;Andradina;    4802;   101885; 21,217201;61,82369;326;1,58;0,88; 77,37; 78,12; 78,12;2,487037e+00; 12,14; 55,38
Arealva;Bauru;Bauru;    8452;   213435; 25,252603;61,80543;327;2,79;2,46; 69,17; 89,46; 89,46;3,259552e+01;  3,46; 80,99
Arapeí;São José dos Campos;Cruzeiro;    2509;    29090; 11,594261;61,79732;328;2,74;2,42; 84,71; 86,27; 86,27;3,532514e+01;-13,40; 39,84
Registro;Registro;Registro;   56430;  1950928; 34,572532;61,75431;329;3,45;3,50; 96,49; 91,44; 91,44;4,979686e+01; 15,14;101,30
Bofete;Sorocaba;Botucatu;   11236;   164471; 14,637860;61,73493;330;2,75;2,45; 59,47; 93,13; 93,13;3,788314e+01;  0,04; 68,88
Praia Grande;Santos;Santos;  310024;  6688614; 21,574504;61,69358;331;3,08;3,11; 91,27; 68,68; 68,68;2,261511e+02; -5,09; 92,15
Orlândia;Franca;São Joaquim da Barra;   43306;  1781347; 41,133954;61,69191;332;1,55;1,58; 98,50;100,00; 93,75;2,690006e+01; 64,44; 74,91
Serra Negra;Campinas;Bragança Paulista;   28742;   720861; 25,080405;61,68166;333;3,04;2,78; 78,30; 81,27; 81,27;1,953596e+02;  4,41; 66,86
Mineiros do Tietê;Bauru;Jaú;   12812;   183029; 14,285748;61,64234;334;2,78;2,80; 95,53; 79,60; 79,60;1,166190e+01; 15,21;128,88
Gália;Marília;Marília;    6776;   137857; 20,344894;61,62791;335;2,77;2,50; 80,62;100,00;100,00;1,287970e+01; 27,76; 88,80
Hortolândia;Campinas;Campinas;  222186; 12928628; 58,188311;61,54108;336;3,04;3,00;100,00; 83,44; 83,44;1,866761e+01; 20,40;126,38
Piracicaba;Campinas;Piracicaba;  397322; 21896872; 55,111149;61,49922;337;3,85;3,95;100,00;100,00;100,00;2,261063e+02; 47,17;129,28
Cerquilho;Sorocaba;Itapetininga;   46733;  1743257; 37,302484;61,49508;338;2,27;2,32; 91,27; 82,66; 82,66;1,884856e+01; 28,57;115,00
Itu;Sorocaba;Sorocaba;  170157;  7572821; 44,504904;61,48216;339;2,47;2,40;100,00; 89,66; 89,66;2,339589e+01; 41,38;107,21
Motuca;Região Administrativa Central;Araraquara;    4676;    87132; 18,633875;61,46858;340;0,34;0,41;100,00; 76,75; 53,35;0,000000e+00; 29,69; 48,65
Ribeirão Corrente;Franca;Franca;    4644;    86851; 18,701766;61,45421;341;2,84;2,53; 77,62; 99,55; 99,55;5,145273e+00; 17,57; 75,43
Cachoeira Paulista;São José dos Campos;Guaratinguetá;   32773;   591381; 18,044762;61,40774;342;3,08;2,60; 95,06; 84,73; 84,73;3,799218e+01; 12,89; 77,38
Vinhedo;Campinas;Campinas;   75129;  8729936;116,199284;61,15518;343;3,46;3,08; 92,02; 88,54; 88,54;9,386987e+01; 26,06;116,48
Ribeirão do Sul;Marília;Ourinhos;    4571;   141944; 31,053161;61,15211;344;2,75;2,47; 76,75; 93,95; 93,95;7,158829e+00; 17,51; 90,79
Canas;São José dos Campos;Guaratinguetá;    4975;   256730; 51,604020;61,09817;345;2,87;2,45; 93,24; 78,64; 78,64;4,954915e+01; 14,37; 90,06
Macatuba;Bauru;Bauru;   17111;   608514; 35,562737;61,08034;346;2,39;1,95; 97,03;100,00; 80,00;0,000000e+00; 45,91;131,87
São Sebastião da Grama;Campinas;São João da Boa Vista;   12317;   326759; 26,529106;61,06741;347;2,98;2,71;100,00; 80,11; 80,11;8,797187e+01; 28,37;109,83
Itapetininga;Sorocaba;Itapetininga;  160070;  4458857; 27,855669;61,04216;348;2,93;2,66; 93,31; 86,09; 86,09;4,140684e+01; 26,26;105,00
Duartina;Bauru;Bauru;   12549;   251939; 20,076420;61,01352;349;3,74;4,38; 97,98; 99,64; 99,64;1,208622e+01;  5,24; 81,40
Nova Campina;Itapeva;Itapeva;    9504;   235565; 24,785880;61,00790;350;2,71;2,41; 54,16; 95,56; 95,56;1,580036e+01;  1,74; 72,43
Santa Gertrudes;Campinas;Rio Claro;   25637;  1571921; 61,314545;60,99535;351;2,70;2,76; 97,10; 77,35; 77,13;2,663855e+01; 15,75;107,63
Anhembi;Sorocaba;Botucatu;    6484;   154450; 23,820173;60,98649;352;2,80;2,50; 76,84;100,00;100,00;5,955522e+01; 28,76; 60,82
Itaporanga;Itapeva;Itapeva;   15165;   309107; 20,382921;60,96213;353;2,81;2,52; 83,74; 84,34; 84,34;2,030856e+01;  6,76; 74,98
Barretos;Barretos;Barretos;  120638;  4443581; 36,834008;60,94621;354;3,58;2,58;100,00; 99,50; 99,50;1,601357e+01; 35,13; 89,79
Mirante do Paranapanema;Presidente Prudente;Presidente Prudente;   18130;   412278; 22,740099;60,93845;355;2,83;2,54; 58,17; 87,90; 87,90;7,902762e+01;  4,64; 86,28
Tapiratiba;Campinas;São João da Boa Vista;   13062;   326219; 24,974659;60,90965;356;0,94;0,91; 82,47; 79,98; 64,09;0,000000e+00; 35,91;115,67
Penápolis;Araçatuba;Araçatuba;   62738;  1580120; 25,186012;60,90954;357;2,22;1,93; 95,51; 80,00; 80,00;3,889626e+01; 28,14; 72,50
Sorocaba;Sorocaba;Sorocaba;  659871; 31852858; 48,271341;60,80974;358;3,53;4,12; 98,49; 84,76; 82,42;8,890504e+01; 31,08;182,46
Araraquara;Região Administrativa Central;Araraquara;  230770;  9009108; 39,039338;60,72604;359;3,21;3,29; 96,98;100,00;100,00;8,960748e+01; 49,93;112,38
Itapuí;Bauru;Jaú;   13618;   621978; 45,673227;60,71131;360;0,98;0,61; 95,54; 84,56;  0,00;0,000000e+00;  2,90;112,71
Tatuí;Sorocaba;Itapetininga;  118939;  3841153; 32,295151;60,69183;361;3,00;2,75;100,00; 86,39; 77,01;4,283616e+01; 26,71;110,84
Mogi Guaçu;Campinas;Campinas;  149396;  5557420; 37,199256;60,62288;362;1,79;1,65; 94,94; 80,00; 60,00;2,912694e+01; 32,03;107,18
Álvares Florence;São José do Rio Preto;Votuporanga;    3795;   105911; 27,908037;60,61013;363;2,81;2,94; 67,94; 80,00; 80,00;0,000000e+00;  0,00;158,01
Murutinga do Sul;Araçatuba;Andradina;    4453;    59608; 13,386032;60,54974;364;1,11;0,94; 57,61; 65,00; 65,00;3,837886e+00;  1,64; 91,37
Lençóis Paulista;Bauru;Bauru;   67185;  2569703; 38,248166;60,47008;365;1,81;1,61; 97,76; 87,21; 75,61;2,803431e+01; 51,08;100,40
Laranjal Paulista;Sorocaba;Botucatu;   27890;  1007472; 36,123055;60,41676;366;2,91;2,56; 90,51; 93,47; 93,47;8,012943e+01; 37,90; 76,58
Américo Brasiliense;Região Administrativa Central;Araraquara;   39189;   948260; 24,197096;60,34220;367;1,28;0,79;100,00; 82,20;  0,00;1,292544e+02;  8,22; 58,32
Avanhandava;Araçatuba;Araçatuba;   13112;   428072; 32,647346;60,24103;368;1,68;1,23; 84,55; 80,00; 80,00;1,720790e+01; 36,42; 75,23
Indiana;Presidente Prudente;Presidente Prudente;    4931;    61216; 12,414520;60,21449;369;0,57;0,01; 85,53; 46,96; 46,96;0,000000e+00;  0,82; 53,28
Tremembé;São José dos Campos;Taubaté;   45904;   768606; 16,743770;60,17198;370;3,35;3,20;100,00; 81,64; 81,64;5,933575e+01; 13,83; 84,35
Morungaba;Campinas;Jundiaí;   13232;   424901; 32,111623;60,15569;371;3,36;3,51; 86,13; 98,37; 98,37;1,686906e+01; 19,03; 88,78
Paranapanema;Itapeva;Itapeva;   19730;   593650; 30,088697;59,99820;372;3,07;2,76; 70,17; 81,95; 81,95;4,623952e+01; -5,62; 86,15
Águas de São Pedro;Campinas;Piracicaba;    3268;   125146; 38,294370;59,93287;373;3,79;3,52; 97,19; 95,90; 95,90;1,485111e+02; 30,65; 70,32
Panorama;Presidente Prudente;Dracena;   15619;   270175; 17,297842;59,86468;374;1,30;1,37; 96,22; 49,94; 49,94;0,000000e+00;  0,08; 90,20
Louveira;Campinas;Jundiaí;   45922; 13805962;300,639389;59,86127;375;2,19;1,25; 96,54; 70,80; 70,80;6,616295e+01; 35,97; 79,26
Cajobi;Barretos;Barretos;   10444;   152695; 14,620356;59,85711;376;1,18;0,88;100,00;100,00;  0,00;0,000000e+00; 11,07; 90,64
Herculândia;Marília;Tupã;    9397;   302366; 32,176865;59,84932;377;0,28;0,20; 91,09; 39,50; 39,50;0,000000e+00;  0,00; 61,38
Mirandópolis;Araçatuba;Andradina;   29315;   616045; 21,014668;59,79689;378;1,20;1,07; 98,41; 80,85; 69,70;6,149153e+00; 58,40;109,93
Suzanápolis;Araçatuba;Andradina;    3836;   260620; 67,940563;59,73686;379;0,84;0,81; 66,48; 56,69; 56,69;9,204807e+00; -5,85; 63,51
Cosmópolis;Campinas;Campinas;   69086;  1575661; 22,807240;59,72212;380;1,58;1,04; 94,37; 98,31;  0,00;1,520198e+01; 30,08;167,78
Potim;São José dos Campos;Guaratinguetá;   23360;   226293;  9,687200;59,71313;381;0,54;0,91; 75,83; 79,38;  0,00;0,000000e+00; 14,97;188,20
Marabá Paulista;Presidente Prudente;Presidente Prudente;    5611;   120632; 21,499198;59,71252;382;2,85;2,54; 37,12;100,00;100,00;2,946307e+00;  0,70; 91,14
Ipeúna;Campinas;Rio Claro;    7177;   697972; 97,251219;59,66313;383;2,32;1,92; 86,07; 69,27; 69,27;3,173522e+01; 29,36;139,64
Santa Bárbara d'Oeste;Campinas;Campinas;  191889;  5494890; 28,635774;59,64925;384;2,35;2,37;100,00; 99,59; 55,39;1,898043e+02; 51,13; 94,62
Itararé;Itapeva;Itapeva;   50379;   875364; 17,375573;59,59583;385;2,76;2,43; 89,36; 93,02; 53,86;7,706171e+01; 15,12; 80,12
Pilar do Sul;Sorocaba;Sorocaba;   28718;   640684; 22,309492;59,59238;386;2,91;2,61; 88,84; 73,64; 73,64;4,278276e+01;  9,08; 90,60
Palmital;Marília;Assis;   22196;   690855; 31,125203;59,58875;387;2,02;2,00; 91,70; 73,24; 73,24;1,863829e+01; 26,70; 92,32
Santo Antônio de Posse;Campinas;Campinas;   22801;  1043905; 45,783299;59,50904;388;1,58;1,37; 99,63; 86,12; 68,89;1,267622e+01; 48,03; 77,33
Brodowski;Ribeirão Preto;Ribeirão Preto;   24092;   639372; 26,538768;59,47748;389;2,42;1,83;100,00; 84,55; 84,55;0,000000e+00; 40,91; 99,07
Bom Sucesso de Itararé;Itapeva;Itapeva;    3888;    52971; 13,624228;59,47278;390;2,78;2,45; 58,04; 95,62; 95,62;2,947352e+01; 16,20; 72,62
Ribeirão Preto;Ribeirão Preto;Ribeirão Preto;  682302; 35315843; 51,759841;59,47170;391;3,07;3,66; 99,19;100,00; 99,03;4,688929e+00; 55,05;160,10
Garça;Marília;Marília;   44582;  1159125; 25,999843;59,45598;392;3,03;3,15; 90,90; 79,99; 79,99;7,802892e+01; 29,65;129,01
Itapeva;Itapeva;Itapeva;   93570;  2371573; 25,345442;59,44097;393;2,91;2,63; 92,06; 82,04; 79,93;3,662217e+01; 27,42;105,87
Valparaíso;Araçatuba;Araçatuba;   25632;   989934; 38,621021;59,29978;394;1,97;1,54;100,00; 80,00; 80,00;1,117680e+01; 52,06; 99,28
Jundiaí;Campinas;Jundiaí;  409497; 41227953;100,679499;59,18210;395;3,89;4,48; 99,07;100,00;100,00;4,065196e+01; 25,35; 95,86
Tietê;Sorocaba;Sorocaba;   41022;  1739795; 42,411267;59,17800;396;1,90;1,65; 90,91; 99,80; 59,88;9,932169e+00; 38,35; 78,34
Marapoama;São José do Rio Preto;Catanduva;    2949;   173054; 58,682265;59,04524;397;0,79;0,00; 97,36;100,00;  0,00;5,307076e-01; 40,00;116,99
Indaiatuba;Campinas;Campinas;  239602; 13489932; 56,301417;59,02220;398;2,99;3,25; 98,36; 85,00; 44,04;1,662449e+02; 18,80;118,64
Itatiba;Campinas;Jundiaí;  116503;  5566364; 47,778718;58,95162;399;3,19;2,95; 87,77; 82,61; 82,61;4,365072e+01; 20,45; 97,65
Florínia;Marília;Assis;    2758;   231650; 83,992023;58,94029;400;5,18;4,63; 85,96;100,00;100,00;3,024372e+01;  6,15;134,62
Bragança Paulista;Campinas;Bragança Paulista;  164163;  5672443; 34,553724;58,93655;401;3,12;2,79; 95,02; 70,29; 70,29;6,101455e+01; 11,52; 94,67
Pardinho;Sorocaba;Botucatu;    6259;   283090; 45,229270;58,90362;402;2,87;2,50; 75,16; 86,31; 86,31;4,002536e+01; 18,50; 72,24
Pirassununga;Campinas;Limeira;   75474;  2605700; 34,524472;58,89627;403;2,58;3,20; 91,63; 80,81; 80,56;5,641192e+01; 32,26;110,60
Monte Mor;Campinas;Campinas;   57240;  2917997; 50,978284;58,82987;404;2,94;2,67;100,00; 72,60; 72,60;5,982365e+01; 15,18; 66,71
Boituva;Sorocaba;Itapetininga;   57910;  2696866; 46,569953;58,82734;405;2,80;2,43; 84,14; 73,84; 73,84;3,884025e+01; 11,26; 82,72
Joanópolis;Campinas;Bragança Paulista;   12947;   207714; 16,043408;58,80963;406;2,87;2,53; 69,52; 69,88; 69,22;1,148493e+02; -4,93; 81,13
Angatuba;Itapeva;Itapeva;   24634;   963361; 39,106966;58,79903;407;2,94;2,63; 80,24; 82,68; 82,68;4,922742e+01; 18,03; 77,92
Pedreira;Campinas;Campinas;   46598;  1128534; 24,218507;58,79515;408;2,08;2,08; 97,57; 78,74; 61,01;2,793487e+01; 38,16;115,27
Paulínia;Campinas;Campinas;  102499; 35346490;344,847169;58,73094;409;3,47;2,96;100,00; 81,86; 80,28;2,358690e+01; 25,18;110,92
Tapiraí;Sorocaba;Sorocaba;    7973;   145686; 18,272419;58,72954;410;3,14;3,11; 67,68; 93,68; 93,68;6,634935e+00;  5,70; 71,46
Getulina;Bauru;Lins;   11362;   195118; 17,172857;58,72604;411;0,94;0,52; 77,12;100,00; 92,31;2,982410e+00; 63,86; 22,98
Serra Azul;Ribeirão Preto;Ribeirão Preto;   13810;   165106; 11,955539;58,69039;412;2,76;2,45; 56,01; 90,93; 90,93;5,296043e+01; 18,90; 80,97
Poá;São Paulo;São Paulo;  115488;  4216622; 36,511343;58,63875;413;3,88;4,22;100,00; 87,24; 75,51;4,620573e+01; 16,75;136,56
Tanabi;São José do Rio Preto;São José do Rio Preto;   25723;   938476; 36,483925;58,62581;414;1,19;1,15; 90,36;100,00;  0,00;0,000000e+00;  0,00; 64,89
São Luís do Paraitinga;São José dos Campos;Taubaté;   10740;   172868; 16,095717;58,46623;415;2,79;2,51; 57,69; 87,26; 87,26;4,309618e+01;  7,16; 61,03
Nova Aliança;São José do Rio Preto;São José do Rio Preto;    6733;   190535; 28,298678;58,43140;416;1,10;0,63;100,00; 79,85; 59,95;0,000000e+00; 62,46;113,64
Conchas;Sorocaba;Botucatu;   17638;   344263; 19,518256;58,39979;417;2,96;2,58; 71,73; 88,75; 88,75;7,073442e+01; 18,69; 51,38
Caraguatatuba;São José dos Campos;Caraguatatuba;  116786;  2928286; 25,073947;58,27408;418;3,62;3,65; 80,29; 85,63; 85,63;5,845959e+01;  8,93; 90,65
Santo Antônio do Jardim;Campinas;São João da Boa Vista;    6029;   137160; 22,750041;58,23241;419;2,82;2,50; 61,34; 96,32; 96,32;1,238939e+01; 23,93; 77,59
Jacupiranga;Registro;Registro;   17900;   604720; 33,783240;58,21413;420;3,34;3,40; 65,65; 90,91; 85,11;4,196872e+01;  8,68; 99,12
Cananéia;Registro;Registro;   12609;   258772; 20,522801;58,19966;421;3,53;3,55; 84,13; 82,21; 82,21;6,412540e+01;  4,94; 72,79
Barrinha;Ribeirão Preto;Ribeirão Preto;   31921;   468976; 14,691770;58,16738;422;0,63;0,42; 98,89; 79,90;  0,00;0,000000e+00; 30,00;128,65
Olímpia;Barretos;Barretos;   54037;  2072343; 38,350445;58,15972;423;2,12;2,39; 94,44; 80,00; 23,97;1,233159e+02; 21,78;122,47
Ipuã;Franca;São Joaquim da Barra;   15932;   379295; 23,807118;58,08502;424;1,19;0,92;100,00; 60,00; 60,00;1,481031e+01; 53,37;116,74
Divinolândia;Campinas;São João da Boa Vista;   11384;   299836; 26,338370;57,81686;425;2,90;2,55; 74,24; 84,53; 76,01;3,344425e+01; 14,73; 78,26
Iporanga;Itapeva;Itapeva;    4299;    50487; 11,743894;57,78160;426;3,05;3,07; 52,27;100,00;100,00;1,647489e+01;  5,77; 42,78
Pariquera-Açu;Registro;Registro;   19537;   526936; 26,971183;57,77367;427;3,45;3,49; 73,91; 89,89; 89,89;7,171837e+01; 17,65; 83,17
Guararapes;Araçatuba;Araçatuba;   32654;   987256; 30,233846;57,72776;428;0,62;0,77; 92,55; 48,50; 40,12;9,713656e+00; 15,31; 56,37
Riolândia;São José do Rio Preto;Votuporanga;   12086;   226354; 18,728612;57,71782;429;4,59;4,09; 74,04; 91,78; 91,78;5,342308e+01;  5,00;116,47
São Miguel Arcanjo;Sorocaba;Itapetininga;   32910;   676363; 20,551899;57,65252;430;2,85;2,55; 71,50; 77,91; 77,91;4,666387e+01; 17,55; 93,84
Torre de Pedra;Sorocaba;Botucatu;    2395;    27864; 11,634238;57,65205;431;2,88;2,44; 95,29; 59,64; 59,64;1,548469e+02;  9,21; 56,63
Redenção da Serra;São José dos Campos;Taubaté;    3908;    57031; 14,593398;57,55555;432;2,77;2,41; 46,26; 89,67; 89,67;2,649808e+01;  2,83; 49,91
Itanhaém;Santos;Santos;   98629;  1855370; 18,811607;57,54097;433;3,24;3,31; 94,37; 54,02; 54,02;4,288874e+02; -2,34; 49,54
Jumirim;Sorocaba;Sorocaba;    3237;   103933; 32,107816;57,53169;434;1,91;1,45; 97,65; 55,36; 55,36;3,582139e+00; 15,01; 77,84
Itaju;Bauru;Jaú;    3703;   107728; 29,092087;57,48693;435;0,64;0,41; 68,75; 80,95; 80,95;0,000000e+00; 52,63; 54,48
Iguape;Registro;Registro;   30644;   809924; 26,430101;57,40457;436;3,26;3,32; 64,91; 76,29; 76,29;1,049113e+02; -0,83; 82,79
Capivari;Campinas;Piracicaba;   54298;  1877375; 34,575399;57,35916;437;2,78;2,92; 94,50; 80,00; 21,59;1,877133e+02;  9,18;104,54
Pompéia;Marília;Marília;   21674;   825898; 38,105472;57,35910;438;3,49;2,52; 93,04; 80,00; 80,00;2,864211e+01; 27,44; 93,01
Ilha Comprida;Registro;Registro;   10656;   692944; 65,028529;57,33305;439;3,13;3,18; 87,66; 57,17; 57,17;1,853571e+02;-29,77; 85,94
Viradouro;Barretos;Barretos;   18654;   356142; 19,091991;57,26259;440;0,83;0,68; 97,85;100,00; 12,21;0,000000e+00; 39,62; 80,31
Suzano;São Paulo;São Paulo;  290769; 10761082; 37,009042;57,18776;441;3,98;4,16;100,00; 77,45; 54,21;2,010707e+02; 12,38;122,89
Embaúba;Barretos;Barretos;    2476;    54347; 21,949515;57,17563;442;1,92;1,88; 85,02;100,00; 84,72;6,607110e+01; 78,57; 95,21
São Pedro;Campinas;Piracicaba;   34898;   741439; 21,245888;57,15294;443;1,78;1,41; 98,81; 95,00;  8,87;2,338460e+02; 36,00; 51,82
Caçapava;São José dos Campos;São José dos Campos;   92587;  4075123; 44,013987;57,13920;444;3,06;2,67;100,00; 75,14; 74,54;3,454028e+01; 26,48; 76,08
Barão de Antonina;Itapeva;Itapeva;    3406;    79652; 23,385790;57,01666;445;2,73;2,39; 75,39; 77,41; 77,41;2,497883e+01; 12,05; 55,59
Pitangueiras;Ribeirão Preto;Ribeirão Preto;   38889;  1183500; 30,432770;56,99279;446;0,36;0,24; 98,83; 96,44;  0,00;0,000000e+00; 30,00; 41,14
Bebedouro;Barretos;Barretos;   77761;  3260501; 41,929772;56,97680;447;1,83;1,74;100,00; 53,42; 30,26;3,457736e+01; 20,01;127,02
Capela do Alto;Sorocaba;Itapetininga;   20005;   285779; 14,285379;56,93673;448;2,83;2,46; 86,20; 65,98; 65,98;6,816265e+01; 11,40; 67,70
Artur Nogueira;Campinas;Campinas;   51986;  1081069; 20,795387;56,87882;449;2,10;2,09; 90,54; 95,21; 18,39;8,245924e+01; 28,65;104,75
Cajati;Registro;Registro;   28870;  1565335; 54,220125;56,76417;450;3,13;3,15; 79,90; 79,06; 79,06;4,845396e+01; 15,54; 77,61
Guarulhos;São Paulo;São Paulo; 1349113; 55743650; 41,318741;56,72847;451;2,94;2,77; 99,94; 83,05;  7,42;2,190988e+01; 28,08;234,07
Alumínio;Sorocaba;Sorocaba;   18324;  1853577;101,155697;56,68275;452;3,35;2,56; 71,11; 68,92; 62,86;5,990739e+02; 24,11; 58,28
Santa Cruz das Palmeiras;Campinas;São João da Boa Vista;   33455;   501910; 15,002541;56,59055;453;0,85;0,48; 96,89;100,00;  0,00;3,343635e-02; 45,09;110,23
Porto Ferreira;Região Administrativa Central;São Carlos;   55432;  1975018; 35,629564;56,55995;454;2,65;2,32; 98,21; 79,20; 36,37;5,586898e+01; 25,56;109,50
Cabrália Paulista;Bauru;Bauru;    4352;    84475; 19,410616;56,25694;455;1,71;1,68; 88,12; 61,52; 61,52;0,000000e+00; 25,23; 91,21
Barra do Turvo;Registro;Registro;    7781;    78283; 10,060789;56,25668;456;3,30;3,35; 42,57; 86,58; 86,58;1,175885e+02; -1,10; 62,32
Monteiro Lobato;São José dos Campos;São José dos Campos;    4549;    60571; 13,315234;56,12776;457;2,81;2,59; 50,43; 80,13; 80,13;6,626300e+01; -3,11; 37,69
Cafelândia;Bauru;Lins;   17645;   468342; 26,542477;56,08437;458;1,39;1,03; 86,65;100,00;  0,00;0,000000e+00; 28,53;120,73
Cabreúva;Campinas;Jundiaí;   47877;  4294324; 89,694927;55,95398;459;3,14;2,84; 73,92; 71,20; 71,20;2,177400e+02; 23,15; 75,17
Mogi Mirim;Campinas;Campinas;   92365;  4456895; 48,253072;55,93746;460;3,33;3,41; 93,57; 90,51; 88,33;3,167767e+01; 42,10; 88,35
Serrana;Ribeirão Preto;Ribeirão Preto;   43790;   941115; 21,491551;55,86250;461;1,00;0,61;100,00;100,00;  0,00;0,000000e+00; 62,93;159,79
Presidente Venceslau;Presidente Prudente;Presidente Prudente;   39544;   721893; 18,255437;55,81500;462;2,14;2,11;100,00; 64,98; 25,98;7,604948e+00;  9,09; 99,49
Iaras;Sorocaba;Avaré;    8484;   124727; 14,701438;55,79620;463;2,77;2,48; 33,74; 84,76; 84,76;5,270985e+00;  6,89;107,92
Ibirarema;Marília;Assis;    7540;   180413; 23,927454;55,78772;464;2,45;2,15; 92,37; 84,92; 84,92;0,000000e+00; 51,18; 88,66
Amparo;Campinas;Bragança Paulista;   71193;  4358991; 61,227803;55,72805;465;1,87;1,63; 78,71; 87,79; 51,06;1,810089e+01; 40,16; 88,45
Jacareí;São José dos Campos;São José dos Campos;  229851; 11696354; 50,886679;55,72510;466;3,39;3,38; 99,13; 78,74; 59,39;7,810750e+01; 28,95;110,80
Rafard;Campinas;Piracicaba;    9054;   326043; 36,010934;55,67059;467;1,73;1,47;100,00; 91,36;  0,00;2,541436e+01;  9,97; 36,70
Lavrinhas;São José dos Campos;Cruzeiro;    7150;   109607; 15,329650;55,60182;468;2,68;2,11; 95,09; 63,33; 49,33;1,241290e+02; 16,87; 43,35
Monte Azul Paulista;Barretos;Barretos;   19234;   562393; 29,239524;55,54226;469;1,79;1,77; 95,96; 85,00; 29,75;8,286316e+00; 34,53; 95,42
Eldorado;Registro;Registro;   15436;   362009; 23,452254;55,31795;470;3,23;3,25; 48,55; 88,74; 88,67;6,157809e+01; 10,40; 64,39
Salto de Pirapora;Sorocaba;Sorocaba;   44397;  1633062; 36,783161;55,06922;471;2,98;2,67;100,00; 64,05; 64,05;5,245792e+01; 32,30; 95,01
Barra Bonita;Bauru;Jaú;   36331;  1387795; 38,198646;54,87998;472;2,54;1,61;100,00; 80,00; 20,00;3,321615e+01; 28,57; 98,28
Santa Cruz da Conceição;Campinas;Limeira;    4409;   117879; 26,735995;54,84491;473;1,44;1,34; 70,61; 55,42; 55,42;0,000000e+00; 17,43; 86,67
Itapirapuã Paulista;Itapeva;Itapeva;    4186;    38226;  9,131868;54,81043;474;2,85;2,57; 59,13; 69,25; 69,25;6,224479e+01;  5,32; 64,74
São Paulo;São Paulo;São Paulo;12106920;699288352; 57,759393;54,71452;475;4,20;4,30; 99,30; 74,23; 64,66;1,425853e+02; 23,95;124,65
Charqueada;Campinas;Piracicaba;   16772;   350913; 20,922549;54,63646;476;2,92;2,63; 99,65; 65,74; 62,35;6,001401e+01; 29,20; 68,62
Guaratinguetá;São José dos Campos;Guaratinguetá;  120417;  5277694; 43,828479;54,60590;477;2,16;1,91; 99,46; 93,46; 28,59;9,756520e-01; 35,40; 87,24
Socorro;Campinas;Bragança Paulista;   40220;   822933; 20,460791;54,57894;478;2,89;2,56; 60,05; 71,35; 71,08;4,262951e+01; 12,41; 81,89
São Bento do Sapucaí;São José dos Campos;Taubaté;   10895;   196195; 18,007802;54,55850;479;2,95;2,56; 70,68; 71,17; 57,11;3,183626e+01; -3,74; 58,60
Juquiá;Registro;Registro;   19192;   361626; 18,842539;54,44315;480;3,34;3,29; 68,30; 74,95; 72,26;8,476655e+01; 15,55; 87,67
Cruzeiro;São José dos Campos;Cruzeiro;   81724;  2136729; 26,145673;54,39883;481;1,43;0,98;100,00;100,00;  0,00;2,717673e+00; 54,69;125,75
Salesópolis;São Paulo;São Paulo;   16903;   200622; 11,869017;54,37233;482;2,96;2,97; 62,38; 67,23; 65,25;1,403288e+02;  5,01; 55,35
Itupeva;Campinas;Jundiaí;   57031;  6124416;107,387491;54,33693;483;3,56;3,20; 78,70; 72,30; 72,30;4,548176e+01; 16,35; 91,96
Taquarivaí;Itapeva;Itapeva;    5715;   242700; 42,467192;54,32988;484;3,21;3,00; 85,70; 60,63; 60,63;2,754502e+01;  3,94; 79,10
Neves Paulista;São José do Rio Preto;São José do Rio Preto;    8999;   219695; 24,413268;54,30902;485;1,36;1,17; 90,24; 42,67; 42,67;1,063115e+01; 47,86;157,89
Diadema;São Paulo;São Paulo;  417869; 13412703; 32,097866;53,99456;486;3,59;3,70;100,00; 75,82; 37,47;3,712393e+01; 16,85;138,99
Ribeirão Grande;Itapeva;Itapeva;    7697;   296224; 38,485644;53,93132;487;2,84;2,56; 91,34; 51,71; 51,71;2,220312e+01; -3,95; 57,85
Águas de Santa Bárbara;Sorocaba;Avaré;    6009;   148264; 24,673656;53,91691;488;2,91;2,65; 74,80; 74,46; 74,46;1,986150e+01; 24,35; 71,63
Campo Limpo Paulista;Campinas;Jundiaí;   82520;  1922194; 23,293674;53,86907;489;3,12;2,85; 79,36; 77,59; 74,29;5,748661e+01; 37,31; 90,00
Nova Odessa;Campinas;Campinas;   58227;  3175071; 54,529187;53,86172;490;4,05;4,83;100,00; 71,54; 71,54;1,554536e+02; 23,53;103,57
São José do Rio Pardo;Campinas;São João da Boa Vista;   54734;  1727261; 31,557368;53,73305;491;1,83;1,61; 94,95; 96,23; 13,83;1,202929e+01; 40,00; 81,89
Taboão da Serra;São Paulo;São Paulo;  279634;  8843886; 31,626648;53,71006;492;3,54;3,67;100,00; 69,67; 34,27;3,990344e+01; 17,00;152,74
Jardinópolis;Ribeirão Preto;Ribeirão Preto;   42904;  1072305; 24,993124;53,69552;493;1,73;1,72;100,00; 78,63;  0,00;9,389248e+00; 58,67;214,33
Sumaré;Campinas;Campinas;  273007; 13744576; 50,345141;53,66972;494;2,49;2,34; 96,85; 79,79; 20,69;9,161130e+01; 30,20; 85,93
Ferraz de Vasconcelos;São Paulo;São Paulo;  188868;  2989860; 15,830421;53,62629;495;3,51;3,57; 96,85; 68,04; 38,10;2,596608e+01; 11,40;138,04
Apiaí;Itapeva;Itapeva;   24945;   651733; 26,126799;53,62169;496;3,14;2,91; 79,05; 66,44; 66,44;5,602401e+01; 11,94; 55,12
Cordeirópolis;Campinas;Limeira;   23793;  2610037;109,697684;53,61834;497;1,76;1,69;100,00; 71,23;  0,00;3,107510e+00; 11,84; 86,15
Junqueirópolis;Presidente Prudente;Dracena;   20353;   613203; 30,128384;53,52123;498;1,60;1,15; 82,24; 59,15; 59,15;1,300916e+00; 67,53;167,19
Iperó;Sorocaba;Sorocaba;   34913;   564350; 16,164466;53,36334;499;2,70;2,34; 67,39; 62,33; 62,33;4,765908e+01; 19,12; 85,36
Ribeirão Branco;Itapeva;Itapeva;   17220;   380318; 22,085830;53,05435;500;2,86;2,59; 72,99; 64,74; 59,10;2,270491e+01; 10,60; 71,12
São Sebastião;São José dos Campos;Caraguatatuba;   85538;  2711187; 31,695702;53,00711;501;3,96;3,82; 73,68; 74,58; 74,58;2,079840e+02; 22,36; 75,30
Lindóia;Campinas;Bragança Paulista;    7695;   164728; 21,407147;52,73671;502;1,44;0,75;100,00; 74,70;  0,00;0,000000e+00; 32,52; 86,26
Sete Barras;Registro;Registro;   13053;   412265; 31,583927;52,62917;503;3,38;3,40; 69,01; 71,78; 71,30;2,085973e+01;  9,74; 78,71
Araras;Campinas;Limeira;  131282;  5284021; 40,249394;52,53509;504;1,53;1,17;100,00; 72,28;  0,00;7,038878e+00; 43,15;126,24
Piquete;São José dos Campos;Guaratinguetá;   13976;   153226; 10,963509;52,50907;505;1,61;1,02; 95,74; 79,50;  0,00;3,520233e+01; 46,70;104,22
Pinhalzinho;Campinas;Bragança Paulista;   14763;   250266; 16,952245;52,37600;506;2,84;2,49; 56,11; 63,39; 63,10;3,123336e+01;  6,39; 69,24
Descalvado;Região Administrativa Central;São Carlos;   33346;  1643346; 49,281653;52,19096;507;1,05;0,79; 90,38; 80,00;  0,00;0,000000e+00; 32,75; 70,10
Jambeiro;São José dos Campos;São José dos Campos;    6305;   231948; 36,787946;52,17384;508;3,52;2,69; 72,34; 62,84; 62,84;2,649735e+01; 10,73; 82,68
Mogi das Cruzes;São Paulo;São Paulo;  433901; 14470623; 33,350057;52,11322;509;3,08;3,28; 99,70; 74,94; 48,03;4,695519e+01; 36,49; 93,84
Caieiras;São Paulo;São Paulo;   98223;  3289605; 33,491188;51,82955;510;3,61;3,49; 97,35; 60,56;  0,00;2,633000e+02;  9,47;134,37
Iepê;Presidente Prudente;Presidente Prudente;    8103;   244895; 30,222757;51,80089;511;0,77;0,41; 88,81; 48,73; 48,73;0,000000e+00; 58,19; 76,17
Alambari;Sorocaba;Itapetininga;    5754;   100567; 17,477755;51,74698;512;2,86;2,54; 77,85; 54,22; 54,22;5,609735e+01; 23,04; 91,26
Monte Alegre do Sul;Campinas;Bragança Paulista;    7871;   166571; 21,162622;51,71283;513;1,48;1,28; 88,71; 45,97;  0,00;0,000000e+00; 17,57;143,13
São Carlos;Região Administrativa Central;São Carlos;  246088; 10475655; 42,568736;51,70627;514;3,13;3,19; 96,00; 83,84; 80,32;6,167216e+00; 52,02; 68,78
Miracatu;Registro;Registro;   20288;   426651; 21,029722;51,67273;515;3,36;3,49; 57,20; 85,51; 85,51;2,546906e+01; 23,05; 60,23
São Caetano do Sul;São Paulo;São Paulo;  159608; 13106959; 82,119687;51,57677;516;5,10;5,20;100,00; 85,95; 85,95;2,703456e+00; 12,06; 84,15
Irapuru;Presidente Prudente;Adamantina;    8248;    86285; 10,461324;51,48263;517;1,43;1,21; 70,33; 76,44; 61,11;0,000000e+00; 56,25; 70,68
São Vicente;Santos;Santos;  360380;  5204306; 14,441162;51,22237;518;3,46;3,47; 91,88; 67,64; 67,64;4,630735e+01; 42,18;108,50
Quadra;Sorocaba;Itapetininga;    3680;    88900; 24,157609;51,20608;519;3,03;2,74; 32,37; 64,89; 64,89;2,392070e+01;  5,95;120,79
Pracinha;Presidente Prudente;Adamantina;    3768;    28207;  7,485934;51,04281;520;4,77;5,87; 47,80;100,00;100,00;2,596961e+01;-11,27; 83,16
Ourinhos;Marília;Ourinhos;  111813;  2999648; 26,827364;51,00270;521;3,00;2,72;100,00; 76,12; 63,08;9,031114e+00; 62,75;115,26
Queluz;São José dos Campos;Cruzeiro;   12949;   325115; 25,107344;50,98067;522;3,03;2,46; 75,48; 62,61; 40,86;2,400915e+01;  6,01; 61,04
Piracaia;Campinas;Bragança Paulista;   26991;   476025; 17,636434;50,93939;523;3,04;2,66; 67,44; 57,71; 56,70;4,831685e+01; 16,01; 79,91
Biritiba-Mirim;São Paulo;São Paulo;   31793;   704607; 22,162331;50,92699;524;3,01;2,98; 55,34; 69,49; 68,17;3,543070e+01;  9,35; 47,24
Sarapuí;Sorocaba;Itapetininga;   10034;   150275; 14,976580;50,87083;525;2,85;2,46; 85,34; 58,46;  0,00;1,123112e+02; -1,22; 81,58
Campos do Jordão;São José dos Campos;Taubaté;   51454;  1195551; 23,235336;50,65768;526;4,11;3,89; 64,83; 76,38; 76,38;9,710643e+01; 17,93; 67,58
Rio Grande da Serra;São Paulo;São Paulo;   49408;   610938; 12,365164;50,24494;527;3,66;3,94; 84,92; 58,81; 49,99;5,339230e+01; 15,41;111,58
Rio das Pedras;Campinas;Piracicaba;   33935;  1194153; 35,189421;50,06345;528;2,38;1,89; 95,39;100,00;  0,00;0,000000e+00; 45,94;112,13
Ribeirão Pires;São Paulo;São Paulo;  121848;  3046465; 25,002175;49,97162;529;3,63;3,77; 90,25; 64,74; 45,32;9,220038e+01; 19,75; 78,52
São Simão;Ribeirão Preto;Ribeirão Preto;   15225;   465707; 30,588309;49,83407;530;0,53;0,73; 89,32; 19,67;  0,00;0,000000e+00;  0,00; 45,29
Pedro de Toledo;Registro;Registro;   11136;   151283; 13,585040;49,72719;531;3,26;3,25; 60,18; 63,21; 62,82;3,663312e+01; 13,01; 74,19
Itaóca;Itapeva;Itapeva;    3341;    39033; 11,683029;49,72138;532;2,93;2,65; 69,69; 50,85; 50,85;3,160935e+01; -4,17; 32,49
Carapicuíba;São Paulo;São Paulo;  396587;  5494357; 13,854103;49,72032;533;3,04;3,23;100,00; 55,98; 28,61;3,030485e+01; 23,32;105,10
Vargem Grande Paulista;São Paulo;São Paulo;   50346;  1805301; 35,857883;49,67848;534;3,87;3,58; 94,63; 25,45;  8,13;1,356672e+03; 24,76; 87,84
Atibaia;Campinas;Bragança Paulista;  139683;  6162799; 44,119893;49,63746;535;4,07;4,27; 87,99; 71,92; 65,43;8,329163e+01; 32,42; 92,94
Bom Jesus dos Perdões;Campinas;Bragança Paulista;   24023;   863923; 35,962328;49,63504;536;1,83;1,51; 90,00; 64,82;  0,00;1,995554e+01; 29,81; 82,30
Guareí;Sorocaba;Itapetininga;   17551;   239829; 13,664691;49,63379;537;3,50;2,79; 62,20; 62,64; 62,64;5,663493e+01; 17,47; 65,87
Guarujá;Santos;Santos;  315563;  8589741; 27,220368;49,50030;538;3,72;3,54; 82,40; 67,91; 67,91;7,187196e+01; 38,46; 86,89
Osasco;São Paulo;São Paulo;  697886; 77910496;111,637855;49,44767;539;3,50;3,63;100,00; 59,27; 31,25;6,061548e+01; 26,27;115,70
Porangaba;Sorocaba;Botucatu;    9565;   183137; 19,146576;49,13231;540;2,92;2,32; 75,55; 43,84; 43,84;6,932877e+01; 12,85; 51,00
Bertioga;Santos;Santos;   59297;  1606553; 27,093327;49,05832;541;3,50;3,56; 73,15; 58,09; 58,09;1,775777e+02; 22,74; 56,95
Embu das Artes;São Paulo;São Paulo;  267054; 11713049; 43,860227;49,02774;542;3,55;3,85;100,00; 54,66; 30,06;4,983880e+01; 21,08;121,33
Santo Antônio do Pinhal;São José dos Campos;Taubaté;    6800;   103677; 15,246618;49,00997;543;3,20;2,86; 54,99; 57,19; 57,19;5,488531e+01; 10,69; 67,07
Estiva Gerbi;Campinas;Campinas;   11067;   313228; 28,302882;48,79378;544;1,04;0,85; 79,76; 80,00;  0,00;1,286089e+01; 49,41; 58,82
Santa Branca;São José dos Campos;São José dos Campos;   14667;   246568; 16,811072;48,56445;545;2,03;1,76; 64,14;100,00;  4,60;5,118132e+01; 42,14; 65,27
Ribeira;Itapeva;Itapeva;    3390;    47304; 13,953982;48,49654;546;3,25;3,12; 69,29; 39,88; 39,88;1,745898e+02; -2,76; 45,79
Campinas;Campinas;Campinas; 1182429; 59053563; 49,942587;48,47842;547;5,63;6,38; 98,09; 79,58; 70,32;7,722009e+01; 12,95;107,53
Piedade;Sorocaba;Sorocaba;   55092;  1217773; 22,104353;48,45839;548;3,18;2,87; 55,20; 61,10; 59,07;7,163729e+01; 27,36; 87,21
Guararema;São Paulo;São Paulo;   28978;   960960; 33,161709;48,30454;549;3,70;3,60; 72,22; 61,84; 61,84;3,484891e+01; 16,88; 68,28
Itapevi;São Paulo;São Paulo;  229502; 11597557; 50,533577;48,25669;550;3,39;3,29; 95,04; 51,15; 27,07;8,800052e+01; 29,64;116,65
Barra do Chapéu;Itapeva;Itapeva;    5653;    81558; 14,427384;48,24008;551;2,97;2,64; 38,70; 64,97; 63,06;4,976145e+01; 10,83; 41,02
Macaubal;São José do Rio Preto;Votuporanga;    8086;   160519; 19,851472;48,16120;552;2,34;2,37; 88,31; 62,47;  0,00;0,000000e+00; 29,72;152,62
Mairinque;Sorocaba;Sorocaba;   46567;  1706174; 36,639122;48,16093;553;2,87;2,51; 85,79; 74,79;  0,00;1,014066e+02; 25,28; 71,93
Arujá;São Paulo;São Paulo;   86430;  5311877; 61,458718;48,15196;554;4,30;4,17;100,00; 49,38; 49,38;5,338262e+01; 19,73;108,81
Santo André;São Paulo;São Paulo;  715231; 27470680; 38,408123;48,00228;555;4,08;4,17;100,00; 84,59; 37,42;9,755795e+00; 45,21;148,78
Paraibuna;São José dos Campos;São José dos Campos;   18206;   273661; 15,031363;47,97114;556;2,86;2,52; 73,65; 74,54;  0,00;8,079468e+01; 18,90; 86,68
Marília;Marília;Marília;  235234;  7719607; 32,816714;47,91200;557;2,30;1,78; 99,28; 80,00;  4,12;1,567688e+01; 51,53; 80,79
São Bernardo do Campo;São Paulo;São Paulo;  827437; 44680389; 53,998539;47,88187;558;4,06;4,05;100,00; 72,73; 19,55;6,461778e+01; 27,29;123,70
Vargem;Campinas;Bragança Paulista;   10143;   112807; 11,121660;47,85684;559;2,91;2,63; 49,03; 53,30; 51,92;3,397416e+01;  6,70; 57,27
Jandira;São Paulo;São Paulo;  121492;  4028508; 33,158628;47,69798;560;3,70;3,81;100,00; 57,03; 25,94;4,952881e+01; 29,80;132,70
Itaquaquecetuba;São Paulo;São Paulo;  360657;  6932298; 19,221304;47,67964;561;3,42;3,31;100,00; 53,22;  8,41;1,071495e+02; 24,72;113,98
Araçariguama;Sorocaba;Sorocaba;   21038;  2844224;135,194600;47,55593;562;3,22;2,66; 60,30; 55,68; 31,16;5,738369e+01;  3,47; 62,34
Ubatuba;São José dos Campos;Caraguatatuba;   88313;  1964761; 22,247699;47,49727;563;3,49;3,60; 74,04; 39,50; 39,43;1,188222e+02; 10,53; 96,96
São Lourenço da Serra;São Paulo;São Paulo;   15465;   206752; 13,369027;47,43684;564;3,28;3,29; 48,07; 58,86; 58,86;3,653969e+01;  7,12; 62,76
São Roque;Sorocaba;Sorocaba;   88473;  2724771; 30,797769;47,34319;565;3,49;3,48; 67,47; 70,59; 64,44;5,991536e+01; 40,21; 80,58
Itariri;Registro;Registro;   17062;   269481; 15,794221;47,17661;566;3,27;3,42; 37,94; 69,14; 68,89;4,203848e+01; 13,14; 52,51
Guapiara;Itapeva;Itapeva;   17640;   317156; 17,979365;46,92383;567;2,96;2,62; 59,44; 54,99; 50,80;9,595901e+00; 19,31; 72,30
Araçoiaba da Serra;Sorocaba;Sorocaba;   32495;   668034; 20,558055;46,57362;568;3,52;3,54; 97,46; 33,18; 33,18;4,648591e+01; 11,35; 80,01
Barueri;São Paulo;São Paulo;  267534; 47553589;177,747834;46,46278;569;4,92;4,89;100,00; 62,61; 31,20;1,513887e+02; 27,55;135,79
Igaratá;São José dos Campos;São José dos Campos;    9443;   217382; 23,020438;46,21469;570;3,12;2,75; 55,90; 44,62; 44,62;1,630419e+01; -1,91; 52,06
Pacaembu;Presidente Prudente;Adamantina;   14086;   200516; 14,235127;45,93194;571;2,11;2,22; 73,68; 50,00; 50,00;5,254652e+01; 71,28;116,04
Ilhabela;São José dos Campos;Caraguatatuba;   33354;  6153610;184,493914;45,59644;572;4,46;4,69; 68,71; 52,56; 52,56;1,280428e+02;  9,81; 88,05
Cubatão;Santos;Santos;  128748; 12336913; 95,822172;45,54466;573;4,09;3,37; 85,42; 50,02; 50,02;1,548812e+02; 38,94; 73,88
Santana de Parnaíba;São Paulo;São Paulo;  131887;  8583623; 65,083162;45,37937;574;3,71;4,27;100,00; 32,50;  7,70;4,326901e+02; 36,24;139,06
São Joaquim da Barra;Franca;São Joaquim da Barra;   50921;  1533653; 30,118281;44,68562;575;1,05;0,71;100,00; 47,29;  0,00;0,000000e+00; 63,33; 71,96
Cajamar;São Paulo;São Paulo;   73921; 15003191;202,962501;44,55922;576;3,85;3,87;100,00; 59,55;  0,00;5,589072e+01; 13,17; 79,61
Jarinu;Campinas;Jundiaí;   28540;  2251523; 78,890084;44,54280;577;3,20;3,08; 65,87; 30,59; 30,59;2,292301e+02; 18,78; 65,34
Santa Isabel;São Paulo;São Paulo;   56014;  1353632; 24,165959;43,91607;578;2,60;2,54; 65,17; 69,59;  4,98;1,148694e+02; 44,89; 86,65
Salto Grande;Marília;Ourinhos;    9287;   209782; 22,588780;43,88628;579;1,91;2,78;100,00; 22,40; 22,40;0,000000e+00; 29,62; 75,20
Francisco Morato;São Paulo;São Paulo;  171602;  1464628;  8,535029;43,81003;580;3,29;3,18; 95,81; 35,01;  0,00;1,480026e+02; 32,10;113,78
Tuiuti;Campinas;Bragança Paulista;    6689;    86002; 12,857228;43,65169;581;1,83;1,96; 78,00; 58,12;  0,00;0,000000e+00; 39,01; 86,79
Cotia;São Paulo;São Paulo;  237750; 11573369; 48,678734;43,05160;582;4,02;3,87;100,00; 37,37; 16,07;7,744878e+01; 19,90; 85,09
Aparecida;São José dos Campos;Guaratinguetá;   36279;  1048666; 28,905593;43,00329;583;3,08;3,06; 98,55; 64,11;  0,00;6,450023e+01; 48,29; 82,12
Itapecerica da Serra;São Paulo;São Paulo;  170927;  3281942; 19,200840;42,76431;584;3,64;3,93; 96,25; 27,44; 26,89;9,231418e+01; 29,14; 95,96
Embu-Guaçu;São Paulo;São Paulo;   68270;  1043490; 15,284752;42,67839;585;3,55;4,01; 83,69; 37,76; 37,76;6,215408e+01; 27,85; 78,62
Franco da Rocha;São Paulo;São Paulo;  149502;  3029794; 20,265909;42,64387;586;4,61;4,67; 97,59; 52,34;  0,00;1,468057e+02; 16,70;112,23
Bauru;Bauru;Bauru;  371690; 13771753; 37,051718;42,44739;587;3,35;4,66; 98,28; 64,61;  1,77;2,185523e+01; 46,63;161,64
Pedra Bela;Campinas;Bragança Paulista;    6078;    80140; 13,185258;40,98793;588;3,18;2,77; 26,06; 63,31;  0,00;8,246557e+01;-14,35; 56,40
Ibiúna;Sorocaba;Sorocaba;   77566;  1632767; 21,050035;40,96076;589;3,29;3,01; 46,15; 36,14; 36,14;2,547113e+01; 17,94; 83,14
Pirapora do Bom Jesus;São Paulo;São Paulo;   18174;   396159; 21,798118;40,80468;590;3,33;3,38; 82,36; 49,24; 21,23;4,131195e+01; 41,20; 74,63
Nazaré Paulista;Campinas;Bragança Paulista;   18121;   334669; 18,468572;40,17866;591;3,10;2,56; 39,14; 24,65; 24,61;3,368542e+01; 11,80; 92,00
Mairiporã;São Paulo;São Paulo;   95601;  1716735; 17,957291;39,43859;592;3,67;3,73; 54,71; 33,21; 23,60;1,061652e+02; 16,91; 76,19
Juquitiba;São Paulo;São Paulo;   31027;   485671; 15,653173;37,88866;593;3,50;3,71; 44,61; 34,11; 34,11;1,864261e+01; 16,12; 71,34
Caconde;Campinas;São João da Boa Vista;   19025;   343594; 18,060131;36,20969;594;1,56;1,54; 69,65; 50,19;  0,00;0,000000e+00; 77,91; 73,17
Aguaí;NA;NA;NA;NA;NA;NA;NA;NA;NA;NA;NA;NA;NA;NA;NA
Analândia;NA;NA;NA;NA;NA;NA;NA;NA;NA;NA;NA;NA;NA;NA;NA
Aramina;NA;NA;NA;NA;NA;NA;NA;NA;NA;NA;NA;NA;NA;NA;NA
Areias;NA;NA;NA;NA;NA;NA;NA;NA;NA;NA;NA;NA;NA;NA;NA
Ariranha;NA;NA;NA;NA;NA;NA;NA;NA;NA;NA;NA;NA;NA;NA;NA
Bady Bassitt;NA;NA;NA;NA;NA;NA;NA;NA;NA;NA;NA;NA;NA;NA;NA
Boa Esperança do Sul;NA;NA;NA;NA;NA;NA;NA;NA;NA;NA;NA;NA;NA;NA;NA
Borebi;NA;NA;NA;NA;NA;NA;NA;NA;NA;NA;NA;NA;NA;NA;NA
Caiuá;NA;NA;NA;NA;NA;NA;NA;NA;NA;NA;NA;NA;NA;NA;NA
Campos Novos Paulista;NA;NA;NA;NA;NA;NA;NA;NA;NA;NA;NA;NA;NA;NA;NA
Canitar;NA;NA;NA;NA;NA;NA;NA;NA;NA;NA;NA;NA;NA;NA;NA
Casa Branca;NA;NA;NA;NA;NA;NA;NA;NA;NA;NA;NA;NA;NA;NA;NA
Cedral;NA;NA;NA;NA;NA;NA;NA;NA;NA;NA;NA;NA;NA;NA;NA
Corumbataí;NA;NA;NA;NA;NA;NA;NA;NA;NA;NA;NA;NA;NA;NA;NA
Cosmorama;NA;NA;NA;NA;NA;NA;NA;NA;NA;NA;NA;NA;NA;NA;NA
Cunha;NA;NA;NA;NA;NA;NA;NA;NA;NA;NA;NA;NA;NA;NA;NA
Dumont;NA;NA;NA;NA;NA;NA;NA;NA;NA;NA;NA;NA;NA;NA;NA
Guarantã;NA;NA;NA;NA;NA;NA;NA;NA;NA;NA;NA;NA;NA;NA;NA
Guatapará;NA;NA;NA;NA;NA;NA;NA;NA;NA;NA;NA;NA;NA;NA;NA
Iacanga;NA;NA;NA;NA;NA;NA;NA;NA;NA;NA;NA;NA;NA;NA;NA
Ibitinga;NA;NA;NA;NA;NA;NA;NA;NA;NA;NA;NA;NA;NA;NA;NA
Ipaussu;NA;NA;NA;NA;NA;NA;NA;NA;NA;NA;NA;NA;NA;NA;NA
Ipiguá;NA;NA;NA;NA;NA;NA;NA;NA;NA;NA;NA;NA;NA;NA;NA
Júlio Mesquita;NA;NA;NA;NA;NA;NA;NA;NA;NA;NA;NA;NA;NA;NA;NA
Mauá;NA;NA;NA;NA;NA;NA;NA;NA;NA;NA;NA;NA;NA;NA;NA
Mendonça;NA;NA;NA;NA;NA;NA;NA;NA;NA;NA;NA;NA;NA;NA;NA
Monte Castelo;NA;NA;NA;NA;NA;NA;NA;NA;NA;NA;NA;NA;NA;NA;NA
Natividade da Serra;NA;NA;NA;NA;NA;NA;NA;NA;NA;NA;NA;NA;NA;NA;NA
Nova Castilho;NA;NA;NA;NA;NA;NA;NA;NA;NA;NA;NA;NA;NA;NA;NA
Paulicéia;NA;NA;NA;NA;NA;NA;NA;NA;NA;NA;NA;NA;NA;NA;NA
Pindorama;NA;NA;NA;NA;NA;NA;NA;NA;NA;NA;NA;NA;NA;NA;NA
Pontal;NA;NA;NA;NA;NA;NA;NA;NA;NA;NA;NA;NA;NA;NA;NA
Promissão;NA;NA;NA;NA;NA;NA;NA;NA;NA;NA;NA;NA;NA;NA;NA
Ribeirão Bonito;NA;NA;NA;NA;NA;NA;NA;NA;NA;NA;NA;NA;NA;NA;NA
Rincão;NA;NA;NA;NA;NA;NA;NA;NA;NA;NA;NA;NA;NA;NA;NA
Rinópolis;NA;NA;NA;NA;NA;NA;NA;NA;NA;NA;NA;NA;NA;NA;NA
Sales Oliveira;NA;NA;NA;NA;NA;NA;NA;NA;NA;NA;NA;NA;NA;NA;NA
Salto;NA;NA;NA;NA;NA;NA;NA;NA;NA;NA;NA;NA;NA;NA;NA
Santa Maria da Serra;NA;NA;NA;NA;NA;NA;NA;NA;NA;NA;NA;NA;NA;NA;NA
Santo Antônio do Aracanguá;NA;NA;NA;NA;NA;NA;NA;NA;NA;NA;NA;NA;NA;NA;NA
São João de Iracema;NA;NA;NA;NA;NA;NA;NA;NA;NA;NA;NA;NA;NA;NA;NA
São João do Pau d'Alho;NA;NA;NA;NA;NA;NA;NA;NA;NA;NA;NA;NA;NA;NA;NA
São José do Barreiro;NA;NA;NA;NA;NA;NA;NA;NA;NA;NA;NA;NA;NA;NA;NA
São Pedro do Turvo;NA;NA;NA;NA;NA;NA;NA;NA;NA;NA;NA;NA;NA;NA;NA
Tabatinga;NA;NA;NA;NA;NA;NA;NA;NA;NA;NA;NA;NA;NA;NA;NA
Tambaú;NA;NA;NA;NA;NA;NA;NA;NA;NA;NA;NA;NA;NA;NA;NA
Tejupá;NA;NA;NA;NA;NA;NA;NA;NA;NA;NA;NA;NA;NA;NA;NA
Trabiju;NA;NA;NA;NA;NA;NA;NA;NA;NA;NA;NA;NA;NA;NA;NA
Uchoa;NA;NA;NA;NA;NA;NA;NA;NA;NA;NA;NA;NA;NA;NA;NA
Vera Cruz;NA;NA;NA;NA;NA;NA;NA;NA;NA;NA;NA;NA;NA;NA;NA
Zacarias;NA;NA;NA;NA;NA;NA;NA;NA;NA;NA;NA;NA;NA;NA;NA
