municipio;regiao_administrativa;regiao_governo;populacao2017;pib2017;pib_per_capita2017;score;ranking;tarifa_agua_norm;tarifa_esgoto_norm;atendimento;coleta;tratamento;sqrt_inv_per_capita_norm;perdas_norm;desempenho_norm
Vista Alegre do Alto;Barretos;Barretos;    8335;   353695; 42,434913;77,96760;  1; 77,495463; 88,71473; 92,24; 99,12; 99,12; 14,3519125; 79,2287132; 73,470015
Urupês;São José do Rio Preto;Catanduva;   13655;   390043; 28,564116;76,68404;  2; 90,744102; 91,69279; 88,99;100,00;100,00;  0,0000000; 89,9452717; 52,100131
Taiúva;Barretos;Barretos;    5603;   116073; 20,716223;75,24809;  3; 95,825771; 96,86520;100,00; 97,69; 97,69;  2,5338668;100,0000000; 11,379866
Taquaral;Ribeirão Preto;Ribeirão Preto;    2823;    38032; 13,472193;74,66013;  4; 90,381125; 93,41693;100,00; 99,32; 99,32;  0,0000000;100,0000000; 14,842970
Dobrada;Região Administrativa Central;Araraquara;    8744;   117041; 13,385293;74,14633;  5; 92,740472; 94,51411; 97,77;100,00;100,00;  0,0000000; 74,7359043; 33,410121
Ibaté;Região Administrativa Central;São Carlos;   34226;   915873; 26,759569;74,13687;  6; 78,039927; 88,08777; 96,01; 95,88; 95,88;  5,7214751; 99,9236350; 33,552177
Cerqueira César;Sorocaba;Avaré;   19495;   753006; 38,625596;74,01088;  7; 89,110708; 91,84953; 96,09;100,00; 74,06;  6,4537802; 81,8123966; 52,710589
Holambra;Campinas;Campinas;   14012;   908165; 64,813374;73,69998;  8; 63,883848; 68,96552; 95,00;100,00;100,00; 43,3301685; 73,3231513; 45,097136
Sabino;Bauru;Lins;    5549;   118111; 21,285096;73,61050;  9; 84,029038; 86,67712;100,00; 81,47; 81,47;  0,0000000; 97,5054092; 57,732473
Igaraçu do Tietê;Bauru;Jaú;   24596;   299508; 12,177102;73,30593; 10; 86,751361; 89,96865; 98,06; 96,13; 85,74;  0,0000000; 99,2745323; 30,522921
Guaiçara;Bauru;Lins;   11869;   185266; 15,609234;73,21509; 11; 89,292196; 93,10345;100,00; 97,39; 97,39;  3,4988122; 88,1761487; 16,870153
Pradópolis;Ribeirão Preto;Ribeirão Preto;   20516;   840208; 40,953792;73,19025; 12; 94,192377; 96,08150; 99,55;100,00;100,00;  0,0000000; 62,3647703; 33,333333
Jaci;São José do Rio Preto;São José do Rio Preto;    6728;   342924; 50,969679;73,06693; 13; 88,566243; 93,73041; 86,11; 98,80; 98,80;  0,0000000;100,0000000; 18,528757
Bilac;Araçatuba;Araçatuba;    7837;   184903; 23,593594;73,05472; 14; 78,402904; 86,20690; 98,59; 88,24; 88,24;  0,0000000; 99,5418099; 45,216156
Conchal;Campinas;Limeira;   27554;   656033; 23,808993;72,97981; 15; 86,569873; 91,37931; 99,03; 92,47; 77,96;  9,6957250; 91,8798524; 34,853720
Tabapuã;São José do Rio Preto;Catanduva;   12251;   241952; 19,749571;72,51996; 16; 86,569873; 87,14734;100,00; 88,26; 88,26;  0,0000000; 90,0852743; 39,837211
Clementina;Araçatuba;Araçatuba;    8254;   245147; 29,700388;72,48634; 17; 75,317604; 84,95298; 95,31; 98,48; 98,48; 15,0556656; 76,6959399; 35,598556
Potirendaba;São José do Rio Preto;São José do Rio Preto;   17002;   531603; 31,267086;72,45736; 18; 90,381125; 92,63323; 98,85; 87,79; 87,79;  0,0000000;100,0000000; 22,214543
Tupi Paulista;Presidente Prudente;Dracena;   15321;   282161; 18,416618;72,40102; 19; 74,410163; 82,28840;100,00; 97,44; 97,44;  0,0000000; 87,4506809; 40,178914
Itirapina;Campinas;Rio Claro;   17589;   386254; 21,959975;72,38971; 20; 71,506352; 68,65204; 79,39;100,00;100,00; 10,1002201; 95,0999109; 54,369193
Nuporanga;Franca;São Joaquim da Barra;    7341;   527532; 71,861054;72,30761; 21; 78,402904; 90,12539; 98,38; 99,34; 99,34;  4,2147117; 61,7793051; 46,878599
Barbosa;Araçatuba;Araçatuba;    7251;    89433; 12,333885;72,19376; 22; 90,562613; 91,53605; 98,91; 97,01; 93,69;  2,0584414; 84,7397225; 19,043231
Nantes;Presidente Prudente;Presidente Prudente;    3049;   150435; 49,339128;71,98736; 23; 85,117967; 90,43887;100,00;100,00;100,00;  0,0000000; 83,0342370; 17,307840
Santópolis do Aguapeí;Araçatuba;Araçatuba;    4687;    60817; 12,975677;71,89663; 24; 53,176044; 61,91223; 89,93;100,00;100,00; 50,6275798; 99,9618175; 19,565384
Rio Claro;Campinas;Rio Claro;  202952;  9418391; 46,406988;71,65454; 25; 50,453721; 73,04075;100,00; 97,79; 89,98;  0,0000000; 80,6541937; 81,317669
Guaimbê;Bauru;Lins;    5737;    72070; 12,562315;71,45470; 26; 98,003630; 99,21630; 99,90; 86,06; 86,06;  0,0000000; 81,8378516; 20,559779
Bariri;Bauru;Jaú;   34602;  1146339; 33,129270;71,37114; 27; 83,484574; 88,08777; 99,91; 91,70; 91,70;  3,7200457; 83,0724195; 29,294325
Bálsamo;São José do Rio Preto;São José do Rio Preto;    8908;   203308; 22,823080;71,35085; 28; 91,470054; 92,63323;100,00; 80,77; 80,77;  1,8739651;100,0000000; 23,289565
Santa Lúcia;Região Administrativa Central;Araraquara;    8758;   127361; 14,542247;71,32536; 29; 92,558984; 96,08150; 93,42; 98,97; 98,97;  0,0000000; 77,3450426; 13,257314
Novais;São José do Rio Preto;Catanduva;    5527;    60081; 10,870454;71,14053; 30; 97,822142; 96,70846; 91,05; 92,31; 61,54;  0,0000000;100,0000000; 29,693619
Andradina;Araçatuba;Andradina;   57350;  1971995; 34,385266;70,84246; 31; 56,261343; 64,89028; 96,89;100,00;100,00; 36,2828109; 72,6740486; 39,741227
Santana da Ponte Pensa;São José do Rio Preto;Jales;    1555;    34554; 22,221222;70,83014; 32; 53,357532; 62,22571; 88,85;100,00;100,00; 25,8222452;100,0000000; 36,385625
São João das Duas Pontes;São José do Rio Preto;Fernandópolis;    2601;    42032; 16,159938;70,77383; 33; 51,905626; 61,28527; 99,96;100,00;100,00; 21,5765687; 97,2890416; 34,174153
Adolfo;São José do Rio Preto;São José do Rio Preto;    3609;    99735; 27,635079;70,68924; 34; 53,176044; 61,75549; 99,89;100,00;100,00; 18,8525356;100,0000000; 31,839822
Reginópolis;Bauru;Bauru;    9042;   147144; 16,273391;70,58014; 35; 83,666062; 87,93103; 94,10; 94,57; 89,45;  0,0000000; 76,7723050; 38,151732
Rancharia;Presidente Prudente;Presidente Prudente;   29821;  1323712; 44,388585;70,54203; 36; 86,751361; 91,06583; 93,47; 99,83; 99,83;  9,3219351; 61,2574774; 22,809644
Braúna;Araçatuba;Araçatuba;    5557;    94531; 17,011157;70,54065; 37; 72,050817; 75,07837; 88,15; 81,66; 81,66;  0,0000000;100,0000000; 65,726023
Guarani d'Oeste;São José do Rio Preto;Fernandópolis;    2017;    34008; 16,860684;70,53263; 38; 49,546279; 59,56113; 99,15;100,00;100,00; 24,4555641;100,0000000; 31,548030
Américo de Campos;São José do Rio Preto;Votuporanga;    5967;   104697; 17,546003;70,48966; 39; 90,381125; 92,47649; 85,63; 83,84; 83,84;  9,9997914; 93,6617029; 24,088152
Catanduva;São José do Rio Preto;Catanduva;  120691;  3974659; 32,932522;70,38143; 40; 66,424682; 61,59875; 98,28;100,00; 86,78; 13,5205608; 89,0543464; 47,393074
Meridiano;São José do Rio Preto;Fernandópolis;    3892;   289767; 74,451953;70,16497; 41; 51,905626; 60,65831; 99,17; 99,89; 99,89; 20,9493951; 95,6344661; 33,221992
Ouroeste;São José do Rio Preto;Fernandópolis;    9897;   439499; 44,407295;70,07567; 42; 50,816697; 60,34483;100,00;100,00;100,00; 12,8591423; 99,1854397; 37,399217
Queiroz;Marília;Tupã;    3267;   368857;112,903887;69,98198; 43; 52,813067; 62,06897;100,00;100,00;100,00; 16,2054809;100,0000000; 28,768333
Ituverava;Franca;Franca;   41414;  1619182; 39,097455;69,98071; 44; 80,943739; 87,61755;100,00;100,00;100,00;  8,1531146; 52,0554919; 31,075789
Santa Ernestina;Região Administrativa Central;Araraquara;    5662;    92068; 16,260685;69,95741; 45; 52,268603; 61,75549;100,00;100,00;100,00; 19,3568506; 93,4326079; 32,845734
Regente Feijó;Presidente Prudente;Presidente Prudente;   19985;   655921; 32,820665;69,94880; 46; 52,631579; 61,59875; 99,86;100,00;100,00; 20,7555427; 95,3926435; 29,351916
Borá;Marília;Tupã;     839;    74165; 88,396901;69,93164; 47; 53,357532; 62,22571;100,00;100,00;100,00;  9,3655191;100,0000000; 34,504338
Pontes Gestal;São José do Rio Preto;Votuporanga;    2594;   152387; 58,745952;69,84640; 48; 51,179673; 60,34483;100,00; 95,56; 95,56; 16,1205179;100,0000000; 40,006143
Populina;São José do Rio Preto;Fernandópolis;    4240;    98374; 23,201415;69,73814; 49; 53,539020; 62,53918; 99,52;100,00;100,00; 16,3221101;100,0000000; 25,984796
São José do Rio Preto;São José do Rio Preto;São José do Rio Preto;  450657; 16493968; 36,599826;69,72027; 50; 62,431942; 65,67398; 95,81; 89,03; 89,03; 27,8295194; 86,6106656; 41,346080
Paranapuã;São José do Rio Preto;Jales;    4051;    98637; 24,348803;69,71460; 51; 52,450091; 60,97179;100,00;100,00;100,00; 10,9596233; 99,4145348; 33,920756
João Ramalho;Marília;Tupã;    4468;   179068; 40,077887;69,59040; 52; 71,143376; 86,67712; 85,38; 81,23; 81,23;  0,0000000; 51,0627466;100,000000
Colina;Barretos;Barretos;   18376;   948979; 51,642305;69,53614; 53; 75,499093; 79,46708; 88,18;100,00;100,00; 12,0153683; 67,5830470; 33,544498
Taiaçu;Barretos;Barretos;    6255;    92579; 14,800799;69,30787; 54; 88,929220; 91,37931;100,00; 89,41; 89,41;  0,0000000; 60,5574647; 34,776933
Irapuã;São José do Rio Preto;Catanduva;    7878;   149375; 18,961031;69,29310; 55; 52,087114; 60,81505; 87,78; 99,56; 99,56; 15,2736893;100,0000000; 39,268986
Presidente Alves;Bauru;Bauru;    4155;    63297; 15,233935;69,25824; 56; 52,631579; 62,06897; 89,82;100,00;100,00; 20,7877427; 99,8472700; 28,910389
Araçatuba;Araçatuba;Araçatuba;  194874;  6970533; 35,769436;69,24766; 57; 58,983666; 63,94984; 98,07;100,00;100,00; 32,0561776; 68,4866998; 32,434923
Dracena;Presidente Prudente;Dracena;   46324;  1166835; 25,188563;69,23298; 58; 63,157895; 76,64577;100,00; 96,00; 96,00; 11,1173525; 75,8050146; 35,137833
Osvaldo Cruz;Presidente Prudente;Adamantina;   32709;   878449; 26,856492;69,17785; 59; 47,368421; 56,26959; 96,18;100,00;100,00; 21,7289953; 97,4290442; 34,446748
Vitória Brasil;São José do Rio Preto;Jales;    1833;    33787; 18,432624;69,16010; 60; 52,268603; 61,75549; 89,59; 97,05; 97,05; 15,8224639; 97,3654066; 42,378868
Santa Clara d'Oeste;São José do Rio Preto;Jales;    2134;    67158; 31,470478;69,15008; 61; 50,816697; 59,71787;100,00;100,00;100,00; 15,1931434; 97,0344915; 30,438455
Santa Albertina;São José do Rio Preto;Jales;    5999;   194015; 32,341224;69,14407; 62; 53,901996; 62,69592;100,00;100,00;100,00;  7,9612149; 98,7654321; 29,827997
Brotas;Campinas;Rio Claro;   23858;   804016; 33,700059;69,11772; 63; 75,680581; 77,89969;100,00;100,00;100,00; 14,2828081; 56,9937635; 28,084927
Dolcinópolis;São José do Rio Preto;Jales;    2136;    44854; 20,999064;69,07194; 64; 49,727768; 58,62069;100,00;100,00;100,00; 11,2232419; 99,8854525; 33,118329
General Salgado;Araçatuba;Araçatuba;   10951;   259863; 23,729614;68,97042; 65; 51,542650; 60,81505;100,00; 97,68; 97,68; 13,9395580; 99,0072547; 31,098825
Mirassolândia;São José do Rio Preto;São José do Rio Preto;    4758;   110125; 23,145229;68,91851; 66;100,000000; 98,90282;100,00; 75,76; 75,76;  0,0000000;100,0000000;  0,925286
Tarumã;Marília;Assis;   14547;   890298; 61,201485;68,86829; 67; 50,453721; 60,34483; 99,41; 98,55; 98,55; 14,6412229; 86,9670358; 42,029486
Jales;São José do Rio Preto;Jales;   49110;  1394460; 28,394624;68,84360; 68; 47,912886; 56,89655;100,00;100,00;100,00; 16,4108587; 93,9798905; 35,548645
Pongaí;Bauru;Lins;    3480;    76270; 21,916667;68,82450; 69; 51,724138; 60,03135; 96,53;100,00;100,00; 11,8998473; 99,7072674; 30,703371
Dirce Reis;São José do Rio Preto;Jales;    1785;    60552; 33,922689;68,80098; 70; 54,083485; 62,85266; 83,26; 97,94; 97,94; 13,9454623;100,0000000; 40,386240
Anhumas;Presidente Prudente;Presidente Prudente;    4053;    83443; 20,587960;68,77079; 71; 50,635209; 58,93417; 98,14; 97,95; 97,95; 20,4838119;100,0000000; 26,073101
Quintana;Marília;Tupã;    6530;   157247; 24,080704;68,75881; 72; 47,368421; 54,54545;100,00; 98,61; 98,61; 23,9757831; 99,8472700; 27,113568
Nova Independência;Araçatuba;Andradina;    3745;   134231; 35,842724;68,68983; 73; 94,192377; 94,67085;100,00; 93,08; 93,08;  8,1358850; 64,8084511;  1,551102
Cardoso;São José do Rio Preto;Votuporanga;   12328;   259557; 21,054267;68,68774; 74; 51,905626; 60,34483;100,00; 93,49; 93,49; 24,2137523;100,0000000; 26,057744
Parapuã;Marília;Tupã;   11073;   358234; 32,352027;68,66729; 75; 51,905626; 61,12853; 93,21;100,00;100,00; 14,5331437;100,0000000; 28,561007
Severínia;Barretos;Barretos;   17115;   233916; 13,667309;68,60718; 76; 83,666062; 88,87147;100,00; 95,33; 94,38;  6,9177452; 56,7519409; 22,940183
Magda;São José do Rio Preto;Votuporanga;    3185;   106567; 33,459027;68,60261; 77; 50,635209; 56,11285; 94,26;100,00;100,00; 22,1231110; 96,8944890; 28,795208
Paraguaçu Paulista;Marília;Assis;   45255;  1235133; 27,292741;68,58741; 78; 49,727768; 58,30721; 94,14;100,00;100,00; 29,5907292; 90,6071019; 26,326499
Valentim Gentil;São José do Rio Preto;Votuporanga;   12800;   328002; 25,625156;68,51559; 79; 51,361162; 60,34483;100,00;100,00;100,00; 14,3188071; 93,4198804; 28,680028
Tupã;Marília;Tupã;   65758;  1760413; 26,771085;68,51497; 80; 45,916515; 54,85893;100,00; 98,21; 98,21; 17,6319199; 95,3671885; 37,925209
Álvares Machado;Presidente Prudente;Presidente Prudente;   24813;   509446; 20,531415;68,47539; 81; 50,453721; 59,71787;100,00;100,00;100,00; 21,5003532; 91,5362097; 24,594947
Rubiácea;Araçatuba;Araçatuba;    3046;    62016; 20,359816;68,47385; 82; 54,083485; 62,85266; 92,50;100,00;100,00; 11,8476908;100,0000000; 26,506949
Três Fronteiras;São José do Rio Preto;Jales;    5767;   107546; 18,648517;68,45825; 83; 51,905626; 61,12853;100,00; 95,73; 95,73; 23,3437004; 95,5326460; 24,295477
Cândido Mota;Marília;Assis;   31263;  1005667; 32,167962;68,40673; 84; 75,499093; 79,62382; 93,77; 98,00; 98,00;  5,9683690; 68,7030673; 27,689472
Nova Canaã Paulista;São José do Rio Preto;Jales;    1978;    36621; 18,514156;68,37567; 85; 52,631579; 62,06897; 85,82;100,00;100,00; 22,4388927;100,0000000; 24,045919
Mariápolis;Presidente Prudente;Adamantina;    4087;    60752; 14,864693;68,36647; 86; 53,357532; 62,38245; 85,11;100,00;100,00; 16,5804933; 98,9054346; 30,595869
Ribeirão dos Índios;Presidente Prudente;Presidente Prudente;    2243;    37723; 16,818101;68,32190; 87; 54,627949; 63,47962; 90,53;100,00;100,00;  8,2472262; 96,6526664; 33,037703
Narandiba;Presidente Prudente;Presidente Prudente;    4746;   204905; 43,174252;68,26791; 88; 50,453721; 59,71787; 95,45; 99,94; 99,94; 13,5166019;100,0000000; 27,125086
Floreal;São José do Rio Preto;Votuporanga;    2982;    59454; 19,937626;68,23991; 89; 50,453721; 59,40439; 92,37;100,00;100,00; 15,8391178; 94,4380807; 33,413960
Santa Adélia;São José do Rio Preto;Catanduva;   15331;   323261; 21,085448;68,23116; 90; 88,566243; 90,43887; 98,43; 76,81; 69,20; 16,6407934; 83,2378771; 22,525532
Nova Guataporanga;Presidente Prudente;Dracena;    2304;    27941; 12,127170;68,22027; 91; 51,905626; 60,97179; 94,54;100,00;100,00; 14,8519755; 90,0980018; 33,394763
Urânia;São José do Rio Preto;Jales;    9148;   191071; 20,886642;68,21863; 92; 49,001815; 55,79937; 94,21;100,00;100,00; 15,7296598; 96,9453990; 34,062812
Poloni;São José do Rio Preto;São José do Rio Preto;    5935;   143949; 24,254254;68,21285; 93; 50,272232; 57,99373; 92,87;100,00;100,00; 20,0419151; 96,2326588; 28,292252
Franca;Franca;Franca;  347237;  9409310; 27,097660;68,19525; 94; 47,731397; 56,73981;100,00; 98,66; 98,66; 26,5648144; 86,2415680; 30,964448
Monções;São José do Rio Preto;Votuporanga;    2249;    73462; 32,664295;68,15977; 95; 52,268603; 60,97179; 98,45; 99,64; 99,64; 21,9798123; 89,1688940; 23,159026
Fernandópolis;São José do Rio Preto;Fernandópolis;   68670;  1930276; 28,109451;68,14773; 96; 47,731397; 56,89655;100,00; 96,25; 96,25; 20,0380081; 93,0507827; 34,965062
Santo Anastácio;Presidente Prudente;Presidente Prudente;   21030;   422326; 20,082073;68,14068; 97; 51,361162; 60,18809; 92,12;100,00;100,00; 16,1825464; 89,0416189; 36,232051
Uru;Bauru;Lins;    1207;    54568; 45,209611;68,13948; 98; 50,272232; 58,62069;100,00;100,00;100,00; 11,9504978;100,0000000; 24,272441
Votorantim;Sorocaba;Sorocaba;  119898;  3001782; 25,036131;68,12408; 99; 53,720508; 63,79310; 96,19; 95,44; 90,11; 24,8627818; 87,8961436; 32,980112
Piacatu;Araçatuba;Araçatuba;    5846;    95837; 16,393602;68,08680;100; 52,450091; 61,59875; 96,00; 99,37; 99,37; 20,5723352; 87,9470536; 27,386163
Estrela d'Oeste;São José do Rio Preto;Fernandópolis;    8466;   859459;101,518899;68,04777;101; 48,820327; 58,15047; 94,44; 95,63; 95,63; 20,4499634; 98,5999745; 32,661445
Tarabai;Presidente Prudente;Presidente Prudente;    7302;   108579; 14,869762;68,01819;102; 53,357532; 62,38245; 86,95;100,00;100,00; 16,7375095; 98,3454245; 26,372572
Sud Mennucci;Araçatuba;Andradina;    7733;   179283; 23,184146;68,00865;103; 50,998185; 60,50157; 96,17; 99,45; 99,45; 12,6078506; 95,6471936; 29,244414
Quatá;Marília;Tupã;   13893;   457945; 32,962283;68,00850;104; 51,361162; 60,50157; 93,10;100,00;100,00; 22,7013304; 90,5689194; 25,835061
Ibirá;São José do Rio Preto;São José do Rio Preto;   12096;   245908; 20,329696;67,94645;105; 51,905626; 59,40439; 90,61; 97,25; 97,25; 22,1567476; 99,1981672; 25,796667
Nova Granada;São José do Rio Preto;São José do Rio Preto;   21071;   459182; 21,792131;67,93679;106; 51,724138; 59,56113; 92,94; 97,37; 97,37; 18,9603935; 95,1762759; 30,392383
Oriente;Marília;Marília;    6473;    99054; 15,302642;67,89351;107; 53,539020; 62,69592; 95,21;100,00;100,00; 10,4525470; 95,8762887; 25,374338
Flora Rica;Presidente Prudente;Adamantina;    1571;    39238; 24,976448;67,87117;108; 53,357532; 62,22571; 90,73;100,00;100,00; 14,5082996; 93,3180603; 28,829763
Nipoã;São José do Rio Preto;São José do Rio Preto;    4994;    87351; 17,491189;67,85299;109; 53,720508; 62,22571; 88,53; 97,30; 97,30; 17,9318147;100,0000000; 25,815864
Saltinho;Campinas;Piracicaba;    8019;   234405; 29,231201;67,84289;110; 54,446461; 63,79310; 89,71;100,00;100,00;  4,6081434; 85,5797378; 44,605698
Sagres;Presidente Prudente;Adamantina;    2453;    43299; 17,651447;67,81703;111; 53,176044; 62,38245; 87,52;100,00;100,00; 12,0167714; 95,4053710; 32,035629
Estrela do Norte;Presidente Prudente;Presidente Prudente;    2769;    64470; 23,282774;67,81429;112; 49,909256; 59,24765; 94,24;100,00;100,00; 12,7838243; 98,9436172; 27,390002
Santa Fé do Sul;São José do Rio Preto;Jales;   31802;  1013729; 31,876266;67,79244;113; 69,872958; 76,33229;100,00;100,00; 84,57; 16,1031368; 67,9521446; 27,509022
Gastão Vidigal;Araçatuba;Araçatuba;    4683;    66694; 14,241725;67,77361;114; 53,357532; 61,75549; 80,40;100,00;100,00; 23,3575039; 97,7981418; 25,520233
São Francisco;São José do Rio Preto;Jales;    2850;    47985; 16,836842;67,73953;115; 51,905626; 60,97179; 91,19;100,00;100,00; 13,2117204; 97,6963218; 26,940797
Pontalinda;São José do Rio Preto;Jales;    4519;    84618; 18,724939;67,69890;116; 54,264973; 63,16614; 81,97;100,00;100,00; 16,1169998;100,0000000; 26,073101
Vargem Grande do Sul;Campinas;São João da Boa Vista;   42310;   945585; 22,348972;67,68482;117; 73,502722; 78,84013; 98,80; 88,34; 79,51; 11,1430864; 82,1942217; 29,148430
Fernando Prestes;Região Administrativa Central;Araraquara;    5782;   199549; 34,512107;67,64294;118; 52,631579; 61,44201;100,00; 94,78; 94,78; 21,8454216; 93,5344279; 22,130078
Itapira;Campinas;Campinas;   73844;  3457944; 46,827691;67,63645;119; 65,880218; 56,26959; 99,19;100,00;100,00; 16,1089081; 73,7304315; 29,912463
Mombuca;Campinas;Piracicaba;    3470;    92901; 26,772622;67,62982;120; 48,275862; 58,77743; 92,12; 85,83; 85,83; 62,1836167; 91,4471172; 16,574522
José Bonifácio;São José do Rio Preto;São José do Rio Preto;   36198;  1389991; 38,399663;67,61113;121; 86,932849; 85,89342; 90,60; 83,30; 83,30;  0,0000000; 73,6286114; 37,234124
Guaraci;Barretos;Barretos;   10964;   376680; 34,356074;67,58740;122; 82,940109; 89,02821; 89,97; 85,22; 85,22;  0,0000000; 82,9196894; 25,401213
Bastos;Marília;Tupã;   21073;  1048120; 49,737579;67,58463;123; 47,368421; 57,05329; 89,38; 98,23; 98,23; 16,9389263; 99,1218022; 34,354603
Rosana;Presidente Prudente;Presidente Prudente;   17795;  1255100; 70,531048;67,56554;124; 48,275862; 57,83699; 88,77; 99,94; 99,94; 16,6038468; 96,2581138; 32,899486
Guapiaçu;São José do Rio Preto;São José do Rio Preto;   20637;   528980; 25,632602;67,55319;125; 79,854809; 84,79624; 88,43; 83,48; 83,48;  0,0000000; 52,5391371; 67,845351
Planalto;São José do Rio Preto;São José do Rio Preto;    5067;   220380; 43,493191;67,51829;126; 51,542650; 60,03135; 84,98; 97,39; 97,39; 16,7805119;100,0000000; 32,031790
Santa Salete;São José do Rio Preto;Jales;    1536;    33653; 21,909505;67,51580;127; 51,724138; 61,59875; 78,82;100,00;100,00; 13,2910711;100,0000000; 34,692467
Lins;Bauru;Lins;   77021;  3573980; 46,402669;67,49579;128; 53,357532; 60,50157;100,00; 91,21; 91,21; 16,6664590; 90,8616520; 36,159103
Catiguá;São José do Rio Preto;Catanduva;    7700;   118322; 15,366494;67,47899;129; 53,720508; 62,06897;100,00; 96,32; 96,32;  9,7549000; 93,9926180; 27,654918
Alfredo Marcondes;Presidente Prudente;Presidente Prudente;    4135;    83000; 20,072551;67,47521;130; 49,727768; 57,83699;100,00; 93,97; 93,97; 16,4461976;100,0000000; 27,850726
Lourdes;Araçatuba;Araçatuba;    2270;    38854; 17,116300;67,46030;131; 50,090744; 60,50157; 82,48;100,00;100,00; 10,9270820;100,0000000; 35,683022
Turmalina;São José do Rio Preto;Fernandópolis;    1827;    61407; 33,610837;67,43422;132; 53,720508; 62,53918; 92,84;100,00;100,00; 12,3751113;100,0000000; 17,998925
Jeriquara;Franca;Franca;    3202;    83557; 26,095253;67,42255;133; 51,905626; 61,75549;100,00;100,00;100,00; 10,1401130; 92,7580501; 22,821163
Palmeira d'Oeste;São José do Rio Preto;Jales;    9496;   169315; 17,830139;67,41910;134; 50,453721; 60,03135; 90,67;100,00;100,00; 13,8742955; 96,3344788; 27,988943
Teodoro Sampaio;Presidente Prudente;Presidente Prudente;   22914;   479182; 20,912193;67,41225;135; 50,272232; 59,09091; 90,22; 96,84; 96,84; 20,3567552; 97,3781341; 28,299931
Presidente Epitácio;Presidente Prudente;Presidente Prudente;   43897;   853036; 19,432672;67,40251;136; 48,820327; 58,93417; 93,40; 95,75; 95,75; 19,2277387; 97,3908617; 29,947017
Aspásia;São José do Rio Preto;Jales;    1842;    33181; 18,013572;67,37400;137; 54,446461; 63,63636; 88,22;100,00;100,00; 10,6028354; 95,1762759; 26,910082
Novo Horizonte;São José do Rio Preto;Catanduva;   40225;  1268736; 31,540982;67,33401;138; 46,823956; 55,95611; 95,06; 96,90; 96,90; 12,8615507; 94,1835306; 39,986946
Birigui;Araçatuba;Araçatuba;  120692;  3146638; 26,071637;67,32255;139; 77,132486; 81,50470;100,00; 98,72; 98,72;  2,5353785; 28,1786942; 51,789142
Riversul;Itapeva;Itapeva;    5792;    64894; 11,204075;67,29454;140; 54,990926; 63,79310; 81,79;100,00;100,00; 24,3704858; 96,8181240; 16,593719
Cândido Rodrigues;Região Administrativa Central;Araraquara;    2792;   115329; 41,306948;67,29341;141; 48,820327; 56,11285; 86,72; 99,90; 99,90; 19,7782806; 97,2763141; 29,839515
Auriflama;Araçatuba;Araçatuba;   15085;   294071; 19,494266;67,29067;142; 51,905626; 60,50157; 95,36; 94,34; 94,34; 11,5740558;100,0000000; 30,304077
Matão;Região Administrativa Central;Araraquara;   82307;  3821843; 46,433997;67,26069;143; 64,065336; 81,81818;100,00;100,00;100,00; 25,6319449; 53,8118875; 12,758197
Monte Alto;Ribeirão Preto;Ribeirão Preto;   49979;  1622754; 32,468717;67,23819;144; 46,823956; 55,95611;100,00;100,00;100,00; 14,9433424; 93,0762377; 27,105890
Iacri;Marília;Tupã;    6434;   205719; 31,973733;67,22303;145; 54,264973; 63,00940; 88,88;100,00;100,00; 11,8354751; 91,9053074; 27,889119
Guaíra;Barretos;Barretos;   40287;  3697276; 91,773426;67,20103;146; 90,199637; 93,57367;100,00; 80,00; 80,00;  6,5399908; 70,9431081; 16,351839
Mesópolis;São José do Rio Preto;Jales;    1926;    57279; 29,739875;67,17356;147; 53,176044; 62,53918; 93,25; 94,67; 94,67; 13,2016917; 98,0654194; 27,816171
Luiziânia;Araçatuba;Araçatuba;    5633;    70636; 12,539677;67,17251;148; 52,813067; 61,44201; 86,27;100,00;100,00; 12,4799376; 98,3326970; 26,042387
Coronel Macedo;Itapeva;Itapeva;    4840;    80082; 16,545868;67,13910;149; 54,990926; 63,79310; 82,70; 97,83; 97,83; 22,0696600;100,0000000; 17,899102
Cravinhos;Ribeirão Preto;Ribeirão Preto;   34651;  1035236; 29,876079;67,09993;150; 78,221416; 83,22884; 97,51; 91,81; 91,81;  2,6106290; 66,6412117; 24,967365
Indiaporã;São José do Rio Preto;Fernandópolis;    3951;    92773; 23,480891;67,06703;151; 50,998185; 60,50157; 84,60; 98,59; 98,59;  7,8882790;100,0000000; 35,368195
Palmares Paulista;São José do Rio Preto;Catanduva;   12730;   118360;  9,297722;67,02812;152; 55,898367; 63,63636; 84,89;100,00;100,00; 12,6892635; 90,5307369; 28,580204
Assis;Marília;Assis;  102924;  3303948; 32,100851;67,02331;153; 45,735027; 53,29154; 99,98; 99,56; 99,56; 13,8597943; 87,1579483; 37,042156
Inúbia Paulista;Presidente Prudente;Adamantina;    3933;   139899; 35,570557;67,00474;154; 46,279492; 53,91850; 88,80;100,00;100,00; 27,1775563; 93,5089729; 26,353375
Santa Mercedes;Presidente Prudente;Dracena;    2945;    77175; 26,205433;66,95648;155; 51,542650; 60,81505;100,00; 95,51; 95,51; 12,9518502; 92,3507700; 26,971512
Adamantina;Presidente Prudente;Adamantina;   35139;  1054541; 30,010558;66,87214;156; 45,916515; 54,38871;100,00; 97,37; 97,37; 20,8247569; 85,4397353; 33,667358
Emilianópolis;Presidente Prudente;Presidente Prudente;    3197;    60725; 18,994370;66,85619;157; 54,083485; 63,00940; 90,85; 98,45; 98,45;  8,7069818; 86,0888380; 35,210781
Guzolândia;Araçatuba;Araçatuba;    5179;    61632; 11,900367;66,79314;158; 53,176044; 61,59875; 85,51;100,00;100,00; 11,5478332; 95,4180985; 27,094371
Maracaí;Marília;Assis;   13981;   415247; 29,700808;66,68737;159; 51,724138; 60,81505; 92,48;100,00;100,00;  9,1302704; 78,1723304; 41,177148
Pirapozinho;Presidente Prudente;Presidente Prudente;   27021;   962053; 35,603901;66,67914;160; 47,549909; 54,38871; 96,78; 97,09; 97,09; 15,6088694; 94,3489882; 30,576672
Piquerobi;Presidente Prudente;Presidente Prudente;    3693;    54210; 14,679123;66,64272;161; 52,813067; 62,06897; 79,16;100,00;100,00; 14,5162807;100,0000000; 24,583429
Monte Aprazível;São José do Rio Preto;São José do Rio Preto;   24393;   724490; 29,700734;66,59986;162; 50,635209; 59,40439; 91,68; 95,07; 95,07; 13,8428601; 94,7689958; 32,327421
Guará;Franca;Franca;   21081;   422381; 20,036099;66,56558;163; 62,431942; 65,98746;100,00; 99,97; 99,97;  8,0623958; 67,6339570; 28,468863
Alto Alegre;Araçatuba;Araçatuba;    4154;   110458; 26,590756;66,55448;164; 53,176044; 62,69592; 82,09;100,00;100,00; 12,4271924; 97,2635866; 24,783076
Cristais Paulista;Franca;Franca;    8424;   195654; 23,225783;66,54982;165; 90,381125; 92,94671; 71,85; 87,92; 87,92; 16,7474944; 65,8011964; 18,832066
Buritama;Araçatuba;Araçatuba;   16841;   604101; 35,870851;66,54845;166; 65,517241; 70,84639;100,00; 81,06; 81,06; 15,2000018; 85,4397353; 33,264225
Sales;São José do Rio Preto;Catanduva;    6144;   142344; 23,167969;66,51617;167; 82,758621; 78,68339; 90,02; 97,52; 95,25;  0,0000000; 55,5046455; 32,392690
Macedônia;São José do Rio Preto;Fernandópolis;    3736;    76026; 20,349572;66,48582;168; 53,539020; 62,22571; 79,45;100,00;100,00;  7,7768325;100,0000000; 28,895032
Cajuru;Ribeirão Preto;Ribeirão Preto;   25655;   575023; 22,413682;66,46933;169; 51,179673; 61,12853; 90,81; 95,79; 95,79; 25,2529325; 89,3470790; 22,456423
Batatais;Franca;Franca;   61480;  1479439; 24,063744;66,40185;170; 84,573503; 92,78997; 88,44; 78,09; 78,09;  4,9706203; 76,1104747; 28,150196
Arco-Íris;Marília;Tupã;    1856;    47754; 25,729526;66,39474;171; 53,901996; 63,32288; 65,82;100,00;100,00; 13,8735891;100,0000000; 34,239423
Caiabu;Presidente Prudente;Presidente Prudente;    4211;    60597; 14,390169;66,36893;172; 53,720508; 62,53918; 85,16; 93,13; 93,13; 23,6564536;100,0000000; 19,615296
Itápolis;Região Administrativa Central;Araraquara;   42747;  1373099; 32,121529;66,36530;173; 75,499093; 77,11599;100,00; 85,00; 85,00;  4,4018672; 74,1504391; 29,755049
Lucianópolis;Bauru;Bauru;    2381;    48799; 20,495170;66,29301;174; 49,001815; 59,09091; 81,68; 99,09; 99,09;  2,1087548;100,0000000; 40,282577
Nova Luzitânia;Araçatuba;Araçatuba;    3953;    46502; 11,763724;66,27859;175; 52,813067; 62,06897; 78,64; 96,10; 96,10; 18,1072657;100,0000000; 26,399447
Itobi;Campinas;São João da Boa Vista;    7853;   123341; 15,706227;66,27830;176; 51,724138; 61,12853; 90,54; 93,82; 93,82; 30,6179596; 89,3598065; 19,216002
Gabriel Monteiro;Araçatuba;Araçatuba;    2791;    75607; 27,089574;66,26184;177; 51,361162; 60,50157; 96,51;100,00;100,00; 13,6680145; 82,8178694; 25,236121
São João da Boa Vista;Campinas;São João da Boa Vista;   90089;  2923319; 32,449234;66,25254;178; 46,460980; 57,05329;100,00; 95,99; 95,99; 14,1931449; 83,3906071; 36,942333
Dois Córregos;Bauru;Jaú;   26891;   653858; 24,315124;66,20560;179; 75,317604; 76,48903; 94,64; 99,15; 99,15;  3,6277114; 47,6645030; 33,605928
Bocaina;Bauru;Jaú;   12040;   225211; 18,705233;66,19827;180; 51,179673; 61,28527;100,00; 98,94; 98,94; 14,3352719; 77,4468627; 27,459111
Lavínia;Araçatuba;Andradina;   11156;   147534; 13,224632;66,19756;181; 92,921960; 94,98433; 48,81;100,00; 90,88;  0,0000000; 92,0325824;  9,951624
Sebastianópolis do Sul;São José do Rio Preto;Votuporanga;    3411;   311501; 91,322486;66,19308;182; 46,823956; 55,17241; 83,60;100,00;100,00; 13,8438558;100,0000000; 30,104431
Ouro Verde;Presidente Prudente;Dracena;    8440;   114298; 13,542417;66,16231;183; 97,822142; 95,45455; 92,00; 71,43; 71,43;  0,0000000; 76,6704849; 24,491285
Pereiras;Sorocaba;Botucatu;    8410;   198021; 23,545898;66,13123;184; 60,617060; 68,80878; 78,24;100,00; 93,95; 20,7985920; 89,8689067; 16,766490
Nova Europa;Região Administrativa Central;Araraquara;   10755;   303797; 28,247048;66,12867;185; 97,459165; 96,55172; 92,74; 82,80; 82,34;  6,7864464; 48,6827033; 21,669354
Salmourão;Presidente Prudente;Adamantina;    5222;    70943; 13,585408;66,11797;186; 51,179673; 60,65831; 86,91;100,00;100,00;  9,5709429; 94,9471809; 25,677647
Santa Rosa de Viterbo;Ribeirão Preto;Ribeirão Preto;   26067;   768791; 29,492884;66,09447;187; 51,724138; 61,28527; 96,57; 98,24; 98,24; 13,4479697; 86,4579356; 22,790448
Colômbia;Barretos;Barretos;    6225;   358220; 57,545382;66,08931;188; 53,357532; 63,00940; 95,47; 98,99; 98,99; 14,9237838; 87,9597811; 16,013975
Turiúba;Araçatuba;Araçatuba;    2016;    47044; 23,335317;66,07475;189; 50,453721; 60,18809; 80,17;100,00;100,00;  8,7556967; 99,8090874; 29,221378
Coroados;Araçatuba;Araçatuba;    5885;   161861; 27,503993;66,05105;190; 52,994555; 62,06897; 87,29; 95,03; 95,03; 16,9768368; 94,6035382; 24,414497
Itirapuã;Franca;Franca;    6405;    78283; 12,222170;65,99176;191; 52,087114; 62,22571; 87,23; 94,63; 94,63; 10,2405014; 97,2508591; 29,639868
Lucélia;Presidente Prudente;Adamantina;   21461;   428339; 19,958949;65,97804;192; 49,183303; 58,30721; 89,86;100,00;100,00; 13,0957895; 85,9106529; 31,467404
Avaré;Sorocaba;Avaré;   89479;  2621040; 29,292236;65,92617;193; 46,279492; 54,07524; 99,11; 99,91; 99,91; 19,6187694; 73,9977090; 34,508178
Ilha Solteira;Araçatuba;Andradina;   26540;   627436; 23,641145;65,91028;194; 87,114338; 87,30408;100,00; 76,22; 76,22;  6,3705454; 75,1559119; 18,897335
União Paulista;São José do Rio Preto;São José do Rio Preto;    1793;    49113; 27,391523;65,87532;195; 50,090744; 59,71787; 78,44;100,00;100,00; 12,5003975;100,0000000; 26,253551
Paulo de Faria;São José do Rio Preto;São José do Rio Preto;    8953;   261240; 29,179046;65,85981;196; 52,268603; 61,28527; 88,25; 97,45; 97,45; 17,8127647; 92,5162276; 19,845658
Bento de Abreu;Araçatuba;Araçatuba;    2925;   169771; 58,041368;65,84421;197; 51,542650; 60,97179; 92,83; 99,70; 99,70; 14,1715834; 81,4305715; 26,407126
Altair;Barretos;Barretos;    4109;   210081; 51,127038;65,84227;198; 51,361162; 61,12853; 81,16; 98,64; 98,64; 17,3603366;100,0000000; 18,448130
Campina do Monte Alegre;Itapeva;Itapeva;    5963;   105998; 17,775952;65,82444;199; 51,905626; 61,12853; 89,88; 95,15; 95,15; 10,1915881;100,0000000; 23,189741
Guariba;Ribeirão Preto;Ribeirão Preto;   39216;   889457; 22,680972;65,79153;200; 53,357532; 62,22571; 98,28; 98,41; 98,41; 12,2426171; 74,1504391; 29,255932
Echaporã;Marília;Marília;    6247;   128090; 20,504242;65,69098;201; 52,087114; 61,59875; 97,92; 99,31; 99,31;  2,9477134; 82,7796869; 29,574599
Silveiras;São José dos Campos;Cruzeiro;    6228;    67360; 10,815671;65,68086;202; 52,450091; 61,91223; 63,94; 90,58; 90,58; 51,1146987;100,0000000; 14,869846
Capão Bonito;Itapeva;Itapeva;   47463;   814415; 17,158945;65,62388;203; 50,453721; 59,56113; 88,76; 92,13; 92,13; 18,2965241; 91,8543974; 31,805268
Presidente Prudente;Presidente Prudente;Presidente Prudente;  225271;  7806813; 34,655206;65,60932;204; 45,190563; 53,44828;100,00;100,00;100,00; 17,6653401; 77,3832251; 31,187130
Paraíso;São José do Rio Preto;Catanduva;    6369;   231582; 36,360810;65,59964;205; 87,295826; 91,22257; 87,96; 88,53; 88,53;  6,6639830; 48,6445208; 25,950242
Taciba;Presidente Prudente;Presidente Prudente;    6193;   152074; 24,555789;65,57752;206; 45,916515; 53,60502; 95,58; 99,91; 99,91; 16,7898862; 87,1197658; 25,788989
Brejo Alegre;Araçatuba;Araçatuba;    2812;   193425; 68,785562;65,51503;207; 52,450091; 62,22571; 92,33; 84,99; 84,99; 15,8430131; 94,7944508; 36,496967
Marinópolis;São José do Rio Preto;Jales;    2140;    34589; 16,163084;65,51125;208; 50,635209; 60,18809; 81,58;100,00;100,00;  9,6623601; 95,0490009; 26,975351
Santo Expedito;Presidente Prudente;Presidente Prudente;    3057;    38100; 12,463199;65,47636;209; 51,361162; 60,03135; 92,48; 87,21; 87,21; 26,3795755; 94,9853634; 24,153421
Taquarituba;Itapeva;Itapeva;   23240;   650632; 27,996213;65,44578;210; 42,831216; 46,70846; 95,62; 99,99; 99,99; 11,5477738; 92,9235077; 33,955310
Piratininga;Bauru;Bauru;   13335;   217591; 16,317285;65,43413;211; 48,457350; 57,83699; 88,93; 90,88; 90,88; 17,0555917; 96,8944890; 32,538586
Peruíbe;Santos;Santos;   66572;  1346872; 20,231809;65,43211;212; 42,468240; 48,11912; 96,66; 90,44; 90,44; 51,4290751; 86,8652157; 17,035245
Roseira;São José dos Campos;Guaratinguetá;   10512;   283507; 26,969844;65,36773;213; 52,268603; 62,38245; 93,20; 95,05; 95,05; 20,4280417; 78,6432481; 25,919527
Lutécia;Marília;Assis;    2705;    92409; 34,162292;65,33811;214; 49,001815; 58,93417; 91,36;100,00;100,00; 13,8569526; 88,0361461; 21,515780
Piraju;Itapeva;Itapeva;   29790;   700235; 23,505707;65,28333;215; 49,364791; 59,40439; 96,50; 96,84; 92,97; 23,7727713; 74,0358916; 29,378791
Óleo;Marília;Ourinhos;    2583;    88221; 34,154472;65,27508;216; 50,635209; 60,81505; 88,38; 90,36; 90,36; 43,6159590; 77,0523100; 20,982109
Fernão;Marília;Marília;    1691;    46064; 27,240686;65,26830;217; 49,364791; 59,24765; 59,21;100,00;100,00; 28,9227759;100,0000000; 25,401213
Glicério;Araçatuba;Araçatuba;    4800;    97062; 20,221250;65,25496;218; 52,631579; 61,91223; 66,28; 99,93; 99,93; 12,6575630; 93,4453354; 35,253014
Alvinlândia;Marília;Marília;    3196;    63814; 19,966834;65,24737;219; 54,627949; 63,47962; 91,92; 99,00; 99,00; 10,3293775; 88,6216113; 15,000384
Areiópolis;Sorocaba;Botucatu;   11107;   134784; 12,135050;65,18011;220; 53,720508; 62,69592; 96,19; 95,60; 95,60; 13,3349043; 80,8832888; 23,416264
Cruzália;Marília;Assis;    2161;   131219; 60,721425;65,17025;221; 51,179673; 60,81505; 89,43;100,00;100,00;  5,6777422; 82,3851343; 31,874376
Presidente Bernardes;Presidente Prudente;Presidente Prudente;   13420;   253922; 18,921162;65,15489;222; 48,820327; 58,30721; 86,11; 92,17; 92,17; 13,3382840;100,0000000; 30,323274
Pereira Barreto;Araçatuba;Andradina;   25790;   817570; 31,701047;65,12221;223; 80,580762; 79,15361; 93,06; 80,00; 80,00;  4,0087683; 71,3249332; 32,849574
São José da Bela Vista;Franca;Franca;    8885;   161031; 18,123917;65,11723;224; 96,188748; 93,73041; 95,06; 79,12; 79,12;  0,0000000; 48,1863307; 29,532366
Flórida Paulista;Presidente Prudente;Adamantina;   14282;   196744; 13,775662;65,10446;225; 52,450091; 61,12853; 71,61;100,00;100,00; 11,9842538; 90,5943744; 33,068417
Lupércio;Marília;Marília;    4573;    69516; 15,201400;65,06261;226; 53,720508; 62,69592; 89,67; 97,32; 97,32; 11,2816158; 88,1634212; 20,329417
Altinópolis;Ribeirão Preto;Ribeirão Preto;   16219;   526939; 32,488994;65,05269;227; 89,110708; 91,22257; 87,37; 82,15; 82,15; 13,5478667; 59,6665394; 15,203870
Miguelópolis;Franca;Franca;   21973;  1121079; 51,020753;64,99612;228; 56,987296; 65,04702; 83,47;100,00;100,00; 14,4993707; 76,8868525; 23,078400
Santos;Santos;Santos;  434742; 22532672; 51,829987;64,98965;229; 31,034483; 37,61755;100,00; 97,64; 97,64; 18,5175891; 91,1034746; 46,364125
Cesário Lange;Sorocaba;Itapetininga;   17587;   419188; 23,835105;64,92339;230; 48,820327; 59,24765; 84,48; 78,45; 78,45; 57,3477610; 95,2144584; 17,376948
Rubinéia;São José do Rio Preto;Jales;    3102;    81574; 26,297228;64,90338;231; 52,087114; 62,53918;100,00; 78,41; 78,41; 17,7799585;100,0000000; 30,000768
Parisi;São José do Rio Preto;Votuporanga;    2150;    48813; 22,703721;64,78008;232; 74,773140; 80,87774; 80,86; 79,62; 79,62;  0,0000000; 81,9269441; 40,562850
Platina;Marília;Assis;    3488;    90806; 26,033830;64,77938;233; 53,539020; 62,53918; 74,35;100,00;100,00;  1,8026049; 96,4872089; 29,517008
Patrocínio Paulista;Franca;Franca;   14351;   900987; 62,782175;64,75560;234; 87,295826; 86,83386;100,00; 79,72; 79,72;  0,0000000; 62,9247805; 21,550334
Boracéia;Bauru;Jaú;    4717;   279209; 59,192071;64,74892;235; 45,190563; 54,07524;100,00;100,00;100,00; 13,7576663; 75,2704595; 29,697458
Iracemápolis;Campinas;Limeira;   23264;  1309627; 56,294145;64,74429;236; 66,061706; 76,48903; 98,97;100,00;100,00;  0,0000000; 38,5007000; 37,932888
Mococa;Campinas;São João da Boa Vista;   68994;  2228392; 32,298345;64,72211;237; 50,090744; 60,03135; 98,23; 93,18; 93,18; 17,1337396; 77,6886852; 28,242340
Valinhos;Campinas;Campinas;  124024;  5734500; 46,237019;64,70791;238; 50,816697; 54,23197; 93,10;100,00;100,00; 17,6439478; 70,6758305; 31,194809
Itajobi;São José do Rio Preto;Catanduva;   15246;  1191836; 78,173685;64,68571;239; 72,776770; 75,70533;100,00; 80,00; 76,80;  0,0000000; 57,9610538; 54,242494
Icém;São José do Rio Preto;São José do Rio Preto;    8112;   179057; 22,073102;64,67932;240; 53,720508; 63,00940; 91,33; 91,43; 91,43; 10,0798399; 96,7926690; 19,642172
Pindamonhangaba;São José dos Campos;Taubaté;  164000;  7003490; 42,704207;64,66547;241; 47,731397; 57,99373;100,00; 93,71; 93,71; 19,8652776; 72,8267787; 31,486601
Restinga;Franca;Franca;    7384;   166543; 22,554577;64,64898;242; 52,450091; 60,65831; 91,48; 97,35; 97,35; 11,4853813; 88,6725213; 17,745527
Santo Antônio da Alegria;Ribeirão Preto;Ribeirão Preto;    6829;   145308; 21,278079;64,62389;243; 86,025408; 90,12539;100,00; 86,05; 82,33;  0,0000000; 34,9497264; 37,510558
Pedrinhas Paulista;Marília;Assis;    3087;   150809; 48,852932;64,61753;244; 47,912886; 58,46395; 88,27;100,00;100,00;  5,8167085; 84,8288151; 31,647854
Botucatu;Sorocaba;Botucatu;  142546;  4290669; 30,100241;64,57372;245; 46,279492; 56,42633;100,00; 92,56; 92,56; 27,0527261; 69,8867252; 31,824464
Castilho;Araçatuba;Andradina;   20362;  1001129; 49,166536;64,53990;246; 42,286751; 52,19436; 74,71; 98,53; 98,53; 30,7248688; 76,2886598; 43,054596
Rifaina;Franca;Franca;    3618;   111766; 30,891653;64,48563;247; 48,457350; 58,93417; 85,93; 92,19; 92,19; 25,1224863; 98,4599720; 14,601090
Ocauçu;Marília;Marília;    4308;   124606; 28,924327;64,48122;248; 89,292196; 93,73041; 79,85; 83,48; 83,48; 14,6355438; 49,4972636; 21,884358
Jaborandi;Barretos;Barretos;    6917;   142101; 20,543733;64,47938;249; 54,264973; 63,63636; 81,62;100,00;100,00; 12,8334352; 83,9378898; 19,542348
Borborema;Região Administrativa Central;Araraquara;   15791;   409114; 25,908049;64,47408;250; 71,687840; 79,31034; 90,13; 87,00; 87,00;  7,5758867; 57,0446735; 36,043922
Gavião Peixoto;Região Administrativa Central;Araraquara;    4739;   839815;177,213547;64,46273;251; 90,562613; 90,28213;100,00; 61,86; 61,86;  6,8524675; 36,3624793; 67,922138
Nhandeara;São José do Rio Preto;Votuporanga;   11398;   318012; 27,900684;64,44253;252; 49,001815; 56,11285; 86,03; 97,51; 97,51; 16,2825672; 94,9980909; 18,094909
Taguaí;Itapeva;Itapeva;   13111;   225749; 17,218290;64,44169;253; 51,724138; 61,28527; 87,62; 89,95; 89,95;  7,9097455;100,0000000; 27,094371
Votuporanga;São José do Rio Preto;Votuporanga;   92768;  2808057; 30,269673;64,43050;254; 53,539020; 51,41066;100,00; 79,82; 79,82; 15,7724217; 85,3506427; 49,731245
Sandovalina;Presidente Prudente;Presidente Prudente;    4174;   396791; 95,062530;64,41143;255; 52,087114; 60,81505; 72,03;100,00;100,00; 13,1638262; 92,3125875; 24,882899
Taubaté;São José dos Campos;Taubaté;  307953; 16799723; 54,552880;64,38124;256; 43,920145; 55,95611;100,00; 95,78; 95,78; 15,2988587; 66,8957617; 41,419028
Luís Antônio;Ribeirão Preto;Ribeirão Preto;   14021;  1323520; 94,395550;64,33746;257; 99,637024; 97,80564; 88,40; 74,62; 74,62;  8,1720220; 67,6594120;  3,785610
Oscar Bressane;Marília;Marília;    2616;    83957; 32,093654;64,33433;258; 49,727768; 58,30721; 87,32;100,00;100,00;  3,5818481; 86,7506682; 28,987177
Timburi;Marília;Ourinhos;    2690;    47738; 17,746468;64,31546;259; 50,635209; 60,03135; 69,66;100,00;100,00; 21,6155255;100,0000000; 12,581586
Martinópolis;Presidente Prudente;Presidente Prudente;   26123;   462852; 17,718179;64,25210;260; 83,847550; 84,16928;100,00; 80,31; 80,31;  0,6898197; 56,6628484; 28,027336
Agudos;Bauru;Bauru;   36880;  2063022; 55,938774;64,24658;261; 41,197822;100,00000;100,00; 91,11; 65,67; 27,2841342; 74,3668067; 14,343853
Elisiário;São José do Rio Preto;Catanduva;    3537;    67898; 19,196494;64,24175;262; 76,769510; 75,70533; 91,59; 88,67; 88,67;  0,0000000; 66,1066565; 26,422483
Aparecida d'Oeste;São José do Rio Preto;Jales;    4329;   125464; 28,982213;64,14840;263; 40,471869; 41,37931; 89,16; 95,91; 95,91; 16,6981875; 94,0817106; 39,576135
São Manuel;Sorocaba;Botucatu;   40692;  1104715; 27,148211;64,14153;264; 49,909256; 59,40439; 99,90; 92,89; 92,89; 16,9772011; 69,5558101; 31,605621
Manduri;Sorocaba;Avaré;    9714;   209533; 21,570208;64,11547;265; 83,303085; 84,01254; 86,49; 71,56; 71,56;  0,0000000; 66,0557465; 49,942410
Engenheiro Coelho;Campinas;Campinas;   19497;   596633; 30,601272;64,07261;266; 75,680581; 82,44514; 73,14; 97,02; 97,02;  0,0000000; 57,1592211; 30,115949
Pirangi;Barretos;Barretos;   11323;   296223; 26,161176;64,06988;267; 70,417423; 76,95925;100,00; 95,33; 95,33;  4,8295730; 53,3409698; 16,351839
Terra Roxa;Barretos;Barretos;    9227;   147580; 15,994364;64,04847;268; 51,724138; 61,28527; 82,78;100,00;100,00; 13,3481827; 78,5668830; 24,683253
Pedregulho;Franca;Franca;   16645;   973303; 58,474196;63,99481;269; 51,179673; 60,97179; 78,35; 94,13; 94,13; 24,0025208; 89,7289042; 19,465561
Jaboticabal;Ribeirão Preto;Ribeirão Preto;   76563;  2752005; 35,944320;63,95311;270; 68,784029; 72,41379; 97,63; 94,04; 90,80;  3,8454443; 51,8263968; 32,285188
Torrinha;Campinas;Rio Claro;    9934;   213334; 21,475136;63,94467;271; 49,364791; 56,42633; 91,98; 98,38; 98,38; 17,8818673; 71,8849434; 27,259464
Pratânia;Sorocaba;Botucatu;    5126;   112344; 21,916504;63,91230;272; 52,087114; 61,12853; 91,54; 95,95; 95,95; 12,2048737; 72,2413135; 30,196575
Mira Estrela;São José do Rio Preto;Fernandópolis;    3045;    66657; 21,890640;63,90158;273; 51,179673; 59,56113; 62,69;100,00;100,00;  8,1957107;100,0000000; 29,586117
Ubarana;São José do Rio Preto;São José do Rio Preto;    6080;   349317; 57,453454;63,85154;274; 91,288566; 90,59561; 96,46; 70,00; 70,00;  6,0332017; 68,3976072; 18,037319
Santa Cruz da Esperança;Ribeirão Preto;Ribeirão Preto;    2110;    55604; 26,352607;63,82099;275; 52,087114; 61,91223; 83,00; 96,46; 96,46; 12,6780573; 92,3634975; 15,607003
Orindiúva;São José do Rio Preto;São José do Rio Preto;    6731;   438061; 65,081117;63,81396;276; 49,001815; 56,42633; 86,10; 88,80; 88,80; 20,6855615; 91,4343897; 29,263611
Morro Agudo;Franca;São Joaquim da Barra;   32220;  1328960; 41,246431;63,79487;277; 86,932849; 86,36364;100,00; 90,00; 90,00;  0,0000000; 37,3934072; 19,669047
Jaguariúna;Campinas;Campinas;   54204; 11346028;209,320862;63,78954;278; 69,872958; 74,29467; 97,11; 88,95; 76,35;  8,6605036; 65,6993764; 29,378791
Porto Feliz;Sorocaba;Sorocaba;   52507;  1926483; 36,690022;63,75411;279; 48,457350; 56,73981;100,00; 99,78; 80,05; 28,2280797; 64,5539010; 32,223758
Álvaro de Carvalho;Marília;Marília;    5119;    49483;  9,666536;63,75001;280; 53,176044; 62,38245; 62,85;100,00;100,00; 11,5396000; 95,7871961; 24,264762
Mongaguá;Santos;Santos;   54257;   986035; 18,173415;63,69948;281; 45,009074; 51,56740; 92,11; 87,26; 87,26; 41,2493515; 87,6670485; 17,472933
Americana;Campinas;Campinas;  233868; 10382873; 44,396296;63,68274;282; 65,154265; 64,42006;100,00;100,00; 64,56; 19,4213943; 62,4538628; 33,452354
Limeira;Campinas;Limeira;  300911; 12154751; 40,393176;63,65767;283; 30,308530; 34,95298; 97,02;100,00;100,00; 32,0463730; 82,9324170; 32,001075
Lagoinha;São José dos Campos;Taubaté;    4943;    54614; 11,048756;63,65487;284; 55,535390; 64,89028; 64,33;100,00;100,00; 12,3826145; 98,0908744; 14,009829
Ubirajara;Bauru;Bauru;    4734;    89199; 18,842205;63,62384;285; 50,090744; 59,40439; 76,38; 86,41; 86,41; 24,7100895;100,0000000; 25,585503
Pederneiras;Bauru;Bauru;   45708;  1723581; 37,708519;63,62292;286; 47,549909; 56,73981; 98,94; 94,99; 94,99; 15,6550503; 68,6012473; 31,517316
Igarapava;Franca;Franca;   30073;  1076232; 35,787318;63,59885;287; 49,183303; 58,93417; 94,17; 94,39; 94,39; 12,4832661; 78,1341479; 27,105890
Santa Cruz do Rio Pardo;Marília;Ourinhos;   47148;  2042409; 43,319102;63,49736;288; 47,005445; 56,26959; 99,77; 95,37; 95,37; 19,2110987; 60,0483645; 34,934347
Águas da Prata;Campinas;São João da Boa Vista;    8104;   153773; 18,974951;63,48106;289; 51,179673; 61,28527; 94,51; 95,61; 93,07; 25,8880474; 72,1267659; 14,178761
Sarutaiá;Itapeva;Itapeva;    3681;    64780; 17,598479;63,48008;290; 52,450091; 60,97179; 88,86; 89,23; 89,23;  1,6207484;100,0000000; 25,478000
Itaí;Itapeva;Itapeva;   26526;   587796; 22,159240;63,46459;291; 51,542650; 60,65831; 67,65; 98,15; 98,15; 15,0663866; 92,2998600; 24,199493
Pedranópolis;São José do Rio Preto;Fernandópolis;    2547;    63904; 25,089910;63,43626;292; 52,813067; 61,75549; 77,27; 95,11; 95,11;  7,3826900;100,0000000; 18,048837
Bernardino de Campos;Marília;Ourinhos;   11180;   236668; 21,168873;63,43279;293; 45,916515; 51,56740; 92,05;100,00;100,00;  6,1485881; 85,2997327; 26,480074
Palestina;São José do Rio Preto;São José do Rio Preto;   12542;   398720; 31,790783;63,43127;294; 43,194192; 54,85893; 82,31; 85,92; 80,15; 25,1736215; 94,1326206; 41,710819
Paulistânia;Bauru;Bauru;    1841;    36487; 19,819120;63,30574;295; 50,272232; 60,03135; 67,25;100,00;100,00; 19,4990175; 93,8017055; 15,591646
Cássia dos Coqueiros;Ribeirão Preto;Ribeirão Preto;    2591;   139851; 53,975685;63,22487;296; 49,183303; 60,34483; 81,94; 91,78; 91,78; 17,9641190; 93,0762377; 19,730477
Santa Rita d'Oeste;São José do Rio Preto;Jales;    2544;    56605; 22,250393;63,21559;297; 89,473684; 96,39498; 72,55; 94,93; 94,93;  3,4834198; 35,8024691; 18,160178
Jaú;Bauru;Jaú;  146338;  4560371; 31,163273;63,19628;298; 54,809437; 56,26959; 96,89;100,00;100,00; 22,0215332; 54,5246277; 21,055056
Onda Verde;São José do Rio Preto;São José do Rio Preto;    4286;   122671; 28,621325;63,18806;299; 46,823956; 53,76176; 98,04; 90,99; 90,99; 10,7465060; 89,9834542; 24,168778
Dourado;Região Administrativa Central;São Carlos;    8909;   595049; 66,791896;63,18217;300; 50,453721; 60,03135; 97,88; 99,50; 99,50; 11,1534481; 66,8321242; 20,106734
Buritizal;Franca;Franca;    4408;   178048; 40,392015;63,11219;301; 51,179673; 60,81505; 81,72;100,00;100,00; 10,6365965; 83,6069747; 16,939261
Espírito Santo do Turvo;Marília;Ourinhos;    4713;    71536; 15,178443;63,06057;302; 49,909256; 59,71787; 83,05; 99,31; 99,31;  8,8340459; 75,5504646; 28,802887
Euclides da Cunha Paulista;Presidente Prudente;Presidente Prudente;    9559;   109935; 11,500680;63,01474;303; 50,816697; 60,97179; 67,94; 96,36; 96,36;  8,3978808; 93,3053328; 29,966214
Itatinga;Sorocaba;Botucatu;   20158;   311156; 15,435857;62,98624;304; 51,724138; 60,81505; 83,36; 98,54; 98,54; 15,7890693; 67,3284969; 27,793135
Avaí;Bauru;Bauru;    5337;   263902; 49,447630;62,98246;305; 47,731397; 56,89655; 62,47; 97,99; 97,99;  9,2259941;100,0000000; 31,555709
Taquaritinga;Região Administrativa Central;Araraquara;   56951;  1469101; 25,795877;62,89537;306; 74,954628; 74,45141; 94,78; 80,00; 80,00;  6,9202699; 68,9321624; 23,124472
Mirassol;São José do Rio Preto;São José do Rio Preto;   58760;  1956637; 33,298792;62,89369;307; 44,283122; 49,84326; 95,89; 90,69; 72,55; 36,3129525; 80,4887362; 33,091454
Elias Fausto;Campinas;Piracicaba;   17393;   632336; 36,355775;62,88806;308; 46,823956; 55,79937; 83,16;100,00;100,00; 17,4113458; 87,3743159; 12,535514
Espírito Santo do Pinhal;Campinas;São João da Boa Vista;   44170;  1259012; 28,503781;62,88483;309; 48,457350; 58,93417; 88,11; 94,38; 94,38; 17,3769375; 76,7723050; 24,667895
Leme;Campinas;Limeira;  101184;  2978265; 29,434150;62,77175;310; 54,627949; 62,53918; 97,94; 98,32; 98,32; 13,9813078; 36,5661194; 39,879444
Balbinos;Bauru;Bauru;    5188;    54394; 10,484580;62,73643;311; 54,083485; 64,42006; 32,18; 99,32; 99,32; 19,6876253;100,0000000; 32,880289
Guaraçaí;Araçatuba;Andradina;    8466;   228993; 27,048547;62,66914;312; 69,872958; 74,92163; 78,88; 84,03; 84,03;  5,5631580; 76,8995800; 27,155801
Buri;Itapeva;Itapeva;   19737;   368506; 18,670821;62,58544;313; 51,179673; 61,12853; 85,45; 86,08; 86,08; 14,0834786; 90,5434644; 26,138371
Santa Rita do Passa Quatro;Região Administrativa Central;São Carlos;   27590;   641179; 23,239543;62,44899;314; 71,143376; 82,44514;100,00; 79,76; 34,82; 20,1493162; 80,7051037; 30,568993
Chavantes;Marília;Ourinhos;   12487;   211527; 16,939777;62,35286;315; 80,762250; 89,18495; 92,15; 89,60; 89,60;  0,0000000; 37,1770396; 20,348614
Várzea Paulista;Campinas;Jundiaí;  118917;  2658620; 22,356938;62,28596;316; 50,090744; 59,09091; 93,98; 99,09; 99,09; 14,1293100; 65,4320988; 17,384627
Fartura;Itapeva;Itapeva;   16028;   388647; 24,248003;62,28079;317; 48,457350; 58,15047; 88,80; 93,99; 93,99;  6,1969289; 79,6359934; 29,025570
São José dos Campos;São José dos Campos;São José dos Campos;  703219; 39829404; 56,638692;62,24624;318; 47,186933; 55,95611;100,00; 94,16; 94,15; 12,8387559; 62,6829579; 30,995162
Águas de Lindóia;Campinas;Bragança Paulista;   18509;   472984; 25,554271;62,20972;319; 62,794918; 62,06897; 99,10;100,00; 60,91; 14,1653701; 72,4194985; 26,218997
Lorena;São José dos Campos;Guaratinguetá;   87980;  2439667; 27,729791;62,20403;320; 48,820327; 58,15047;100,00; 92,79; 92,79; 13,6053603; 59,5901744; 31,885894
Bananal;São José dos Campos;Cruzeiro;   10867;   202204; 18,607159;62,14641;321; 51,905626; 61,75549; 77,61; 87,28; 87,28; 15,8254590; 99,7963599; 15,718344
Sertãozinho;Ribeirão Preto;Ribeirão Preto;  122643;  5362996; 43,728513;62,06436;322; 78,039927; 78,99687; 99,64; 80,00; 80,00;  6,4980582; 52,2082220; 21,131844
Arandu;Itapeva;Itapeva;    6368;   119198; 18,718279;61,96565;323; 49,183303; 59,56113; 65,53;100,00;100,00; 17,7636610; 70,5994654; 33,087614
Itaberá;Itapeva;Itapeva;   17879;   535071; 29,927345;61,86654;324; 51,361162; 61,12853; 75,12; 88,01; 88,01; 15,0864227; 90,7343770; 25,481840
Pirajuí;Bauru;Bauru;   24973;   450364; 18,034037;61,85818;325; 84,029038; 88,08777; 99,45; 86,38; 31,67;  4,2989811; 66,1957490; 34,753897
Itapura;Araçatuba;Andradina;    4802;   101885; 21,217201;61,82369;326; 73,502722; 86,20690; 77,37; 78,12; 78,12;  4,2815759; 84,5488100; 12,439530
Arealva;Bauru;Bauru;    8452;   213435; 25,252603;61,80543;327; 51,542650; 61,44201; 69,17; 89,46; 89,46; 15,5003503; 95,5962836; 22,272134
Arapeí;São José dos Campos;Cruzeiro;    2509;    29090; 11,594261;61,79732;328; 52,450091; 62,06897; 84,71; 86,27; 86,27; 16,1363192;100,0000000;  6,473163
Registro;Registro;Registro;   56430;  1950928; 34,572532;61,75431;329; 39,564428; 45,14107; 96,49; 91,44; 91,44; 19,1585889; 80,7305587; 30,069876
Bofete;Sorocaba;Botucatu;   11236;   164471; 14,637860;61,73493;330; 52,268603; 61,59875; 59,47; 93,13; 93,13; 16,7103474; 99,9490900; 17,622668
Praia Grande;Santos;Santos;  310024;  6688614; 21,574504;61,69358;331; 46,279492; 51,25392; 91,27; 68,68; 68,68; 40,8283554;100,0000000; 26,556861
Orlândia;Franca;São Joaquim da Barra;   43306;  1781347; 41,133954;61,69191;332; 74,047187; 75,23511; 98,50;100,00; 93,75; 14,0811834; 17,9839633; 19,937802
Serra Negra;Campinas;Bragança Paulista;   28742;   720861; 25,080405;61,68166;333; 47,005445; 56,42633; 78,30; 81,27; 81,27; 37,9472175; 94,3871707; 16,847117
Mineiros do Tietê;Bauru;Jaú;   12812;   183029; 14,285748;61,64234;334; 51,724138; 56,11285; 95,53; 79,60; 79,60;  9,2714387; 80,6414662; 40,658834
Gália;Marília;Marília;    6776;   137857; 20,344894;61,62791;335; 51,905626; 60,81505; 80,62;100,00;100,00;  9,7435100; 64,6684485; 25,270675
Hortolândia;Campinas;Campinas;  222186; 12928628; 58,188311;61,54108;336; 47,005445; 52,97806;100,00; 83,44; 83,44; 11,7302386; 74,0358916; 39,698994
Piracicaba;Campinas;Piracicaba;  397322; 21896872; 55,111149;61,49922;337; 32,304900; 38,08777;100,00;100,00;100,00; 40,8243143; 39,9643630; 40,812409
Cerquilho;Sorocaba;Itapetininga;   46733;  1743257; 37,302484;61,49508;338; 60,980036; 63,63636; 91,27; 82,66; 82,66; 11,7869557; 63,6375207; 35,329801
Itu;Sorocaba;Sorocaba;  170157;  7572821; 44,504904;61,48216;339; 57,350272; 62,38245;100,00; 89,66; 89,66; 13,1320446; 47,3335879; 32,338939
Motuca;Região Administrativa Central;Araraquara;    4676;    87132; 18,633875;61,46858;340; 96,007260; 93,57367;100,00; 76,75; 53,35;  0,0000000; 62,2120402;  9,855640
Ribeirão Corrente;Franca;Franca;    4644;    86851; 18,701766;61,45421;341; 50,635209; 60,34483; 77,62; 99,55; 99,55;  6,1583838; 77,6377752; 20,137449
Cachoeira Paulista;São José dos Campos;Guaratinguetá;   32773;   591381; 18,044762;61,40774;342; 46,279492; 59,24765; 95,06; 84,73; 84,73; 16,7343795; 83,5942472; 20,886125
Vinhedo;Campinas;Campinas;   75129;  8729936;116,199284;61,15518;343; 39,382940; 51,72414; 92,02; 88,54; 88,54; 26,3042322; 66,8321242; 35,898027
Ribeirão do Sul;Marília;Ourinhos;    4571;   141944; 31,053161;61,15211;344; 52,268603; 61,28527; 76,75; 93,95; 93,95;  7,2641283; 77,7141403; 26,034708
Canas;São José dos Campos;Guaratinguetá;    4975;   256730; 51,604020;61,09817;345; 50,090744; 61,59875; 93,24; 78,64; 78,64; 19,1108782; 81,7105766; 25,754434
Macatuba;Bauru;Bauru;   17111;   608514; 35,562737;61,08034;346; 58,802178; 69,43574; 97,03;100,00; 80,00;  0,0000000; 41,5680285; 41,806803
São Sebastião da Grama;Campinas;São João da Boa Vista;   12317;   326759; 26,529106;61,06741;347; 48,094374; 57,52351;100,00; 80,11; 80,11; 25,4644585; 63,8920708; 33,344851
Itapetininga;Sorocaba;Itapetininga;  160070;  4458857; 27,855669;61,04216;348; 49,001815; 58,30721; 93,31; 86,09; 86,09; 17,4702269; 66,5775741; 31,490440
Duartina;Bauru;Bauru;   12549;   251939; 20,076420;61,01352;349; 34,301270; 31,34796; 97,98; 99,64; 99,64;  9,4386031; 93,3307878; 22,429548
Nova Campina;Itapeva;Itapeva;    9504;   235565; 24,785880;61,00790;350; 52,994555; 62,22571; 54,16; 95,56; 95,56; 10,7918538; 97,7854143; 18,985641
Santa Gertrudes;Campinas;Rio Claro;   25637;  1571921; 61,314545;60,99535;351; 53,176044; 56,73981; 97,10; 77,35; 77,13; 14,0125696; 79,9541810; 32,500192
Anhembi;Sorocaba;Botucatu;    6484;   154450; 23,820173;60,98649;352; 51,361162; 60,81505; 76,84;100,00;100,00; 20,9518530; 63,3956981; 14,528143
Itaporanga;Itapeva;Itapeva;   15165;   309107; 20,382921;60,96213;353; 51,179673; 60,50157; 83,74; 84,34; 84,34; 12,2349461; 91,3962072; 19,964678
Barretos;Barretos;Barretos;  120638;  4443581; 36,834008;60,94621;354; 37,205082; 59,56113;100,00; 99,50; 99,50; 10,8644210; 55,2882780; 25,650772
Mirante do Paranapanema;Presidente Prudente;Presidente Prudente;   18130;   412278; 22,740099;60,93845;355; 50,816697; 60,18809; 58,17; 87,90; 87,90; 24,1352598; 94,0944381; 24,303156
Tapiratiba;Campinas;São João da Boa Vista;   13062;   326219; 24,974659;60,90965;356; 85,117967; 85,73668; 82,47; 79,98; 64,09;  0,0000000; 54,2955326; 35,587038
Penápolis;Araçatuba;Araçatuba;   62738;  1580120; 25,186012;60,90954;357; 61,887477; 69,74922; 95,51; 80,00; 80,00; 16,9323200; 64,1848034; 19,012516
Sorocaba;Sorocaba;Sorocaba;  659871; 31852858; 48,271341;60,80974;358; 38,112523; 35,42320; 98,49; 84,76; 82,42; 25,5991601; 60,4429171; 61,230131
Araraquara;Região Administrativa Central;Araraquara;  230770;  9009108; 39,039338;60,72604;359; 43,920145; 48,43260; 96,98;100,00;100,00; 25,7000900; 36,4515718; 34,323889
Itapuí;Bauru;Jaú;   13618;   621978; 45,673227;60,71131;360; 84,392015; 90,43887; 95,54; 84,56;  0,00;  0,0000000; 96,3090238; 34,450587
Tatuí;Sorocaba;Itapetininga;  118939;  3841153; 32,295151;60,69183;361; 47,731397; 56,89655;100,00; 86,39; 77,01; 17,7691965; 66,0048365; 33,732627
Mogi Guaçu;Campinas;Campinas;  149396;  5557420; 37,199256;60,62288;362; 69,691470; 74,13793; 94,94; 80,00; 60,00; 14,6524407; 59,2338043; 32,327421
Álvares Florence;São José do Rio Preto;Votuporanga;    3795;   105911; 27,908037;60,61013;363; 51,179673; 53,91850; 67,94; 80,00; 80,00;  0,0000000;100,0000000; 51,842893
Murutinga do Sul;Araçatuba;Andradina;    4453;    59608; 13,386032;60,54974;364; 82,032668; 85,26646; 57,61; 65,00; 65,00;  5,3187377; 97,9126893; 26,257391
Lençóis Paulista;Bauru;Bauru;   67185;  2569703; 38,248166;60,47008;365; 69,328494; 74,76489; 97,76; 87,21; 75,61; 14,3749862; 34,9879089; 29,724334
Laranjal Paulista;Sorocaba;Botucatu;   27890;  1007472; 36,123055;60,41676;366; 49,364791; 59,87461; 90,51; 93,47; 93,47; 24,3029259; 51,7627593; 20,578976
Américo Brasiliense;Região Administrativa Central;Araraquara;   39189;   948260; 24,197096;60,34220;367; 78,947368; 87,61755;100,00; 82,20;  0,00; 30,8663492; 89,5379916; 13,568302
Avanhandava;Araçatuba;Araçatuba;   13112;   428072; 32,647346;60,24103;368; 71,687840; 80,72100; 84,55; 80,00; 80,00; 11,2622831; 53,6464299; 20,060662
Indiana;Presidente Prudente;Presidente Prudente;    4931;    61216; 12,414520;60,21449;369; 91,833031; 99,84326; 85,53; 46,96; 46,96;  0,0000000; 98,9563447; 11,633264
Tremembé;São José dos Campos;Taubaté;   45904;   768606; 16,743770;60,17198;370; 41,379310; 49,84326;100,00; 81,64; 81,64; 20,9132117; 82,3978618; 23,562159
Morungaba;Campinas;Jundiaí;   13232;   424901; 32,111623;60,15569;371; 41,197822; 44,98433; 86,13; 98,37; 98,37; 11,1508490; 75,7795596; 25,262996
Paranapanema;Itapeva;Itapeva;   19730;   593650; 30,088697;59,99820;372; 46,460980; 56,73981; 70,17; 81,95; 81,95; 18,4615941;100,0000000; 24,253244
Águas de São Pedro;Campinas;Piracicaba;    3268;   125146; 38,294370;59,93287;373; 33,393829; 44,82759; 97,19; 95,90; 95,90; 33,0858296; 60,9901998; 18,175536
Panorama;Presidente Prudente;Dracena;   15619;   270175; 17,297842;59,86468;374; 78,584392; 78,52665; 96,22; 49,94; 49,94;  0,0000000; 99,8981800; 25,808186
Louveira;Campinas;Jundiaí;   45922; 13805962;300,639389;59,86127;375; 62,431942; 80,40752; 96,54; 70,80; 70,80; 22,0836044; 54,2191676; 21,607924
Cajobi;Barretos;Barretos;   10444;   152695; 14,620356;59,85711;376; 80,762250; 86,20690;100,00;100,00;  0,00;  0,0000000; 85,9106529; 25,977117
Herculândia;Marília;Tupã;    9397;   302366; 32,176865;59,84932;377; 97,096189; 96,86520; 91,09; 39,50; 39,50;  0,0000000;100,0000000; 14,743147
Mirandópolis;Araçatuba;Andradina;   29315;   616045; 21,014668;59,79689;378; 80,399274; 83,22884; 98,41; 80,85; 69,70;  6,7324038; 25,6713758; 33,383245
Suzanápolis;Araçatuba;Andradina;    3836;   260620; 67,940563;59,73686;379; 86,932849; 87,30408; 66,48; 56,69; 56,69;  8,2370152;100,0000000; 15,560931
Cosmópolis;Campinas;Campinas;   69086;  1575661; 22,807240;59,72212;380; 73,502722; 83,69906; 94,37; 98,31;  0,00; 10,5855307; 61,7156676; 55,593949
Potim;São José dos Campos;Guaratinguetá;   23360;   226293;  9,687200;59,71313;381; 92,377495; 85,73668; 75,83; 79,38;  0,00;  0,0000000; 80,9469263; 63,433925
Marabá Paulista;Presidente Prudente;Presidente Prudente;    5611;   120632; 21,499198;59,71252;382; 50,453721; 60,18809; 37,12;100,00;100,00;  4,6601675; 99,1090747; 26,169085
Ipeúna;Campinas;Rio Claro;    7177;   697972; 97,251219;59,66313;383; 60,072595; 69,90596; 86,07; 69,27; 69,27; 15,2944287; 62,6320479; 44,789987
Santa Bárbara d'Oeste;Campinas;Campinas;  191889;  5494890; 28,635774;59,64925;384; 59,528131; 62,85266;100,00; 99,59; 55,39; 37,4037863; 34,9242714; 27,505183
Itararé;Itapeva;Itapeva;   50379;   875364; 17,375573;59,59583;385; 52,087114; 61,91223; 89,36; 93,02; 53,86; 23,8331711; 80,7560137; 21,938109
Pilar do Sul;Sorocaba;Sorocaba;   28718;   640684; 22,309492;59,59238;386; 49,364791; 59,09091; 88,84; 73,64; 73,64; 17,7581173; 88,4434262; 25,961760
Palmital;Marília;Assis;   22196;   690855; 31,125203;59,58875;387; 65,517241; 68,65204; 91,70; 73,24; 73,24; 11,7210240; 66,0175640; 26,622130
Santo Antônio de Posse;Campinas;Campinas;   22801;  1043905; 45,783299;59,50904;388; 73,502722; 78,52665; 99,63; 86,12; 68,89;  9,6662363; 38,8697976; 20,866928
Brodowski;Ribeirão Preto;Ribeirão Preto;   24092;   639372; 26,538768;59,47748;389; 58,257713; 71,31661;100,00; 84,55; 84,55;  0,0000000; 47,9317806; 29,213699
Bom Sucesso de Itararé;Itapeva;Itapeva;    3888;    52971; 13,624228;59,47278;390; 51,724138; 61,59875; 58,04; 95,62; 95,62; 14,7393573; 79,3814433; 19,058589
Ribeirão Preto;Ribeirão Preto;Ribeirão Preto;  682302; 35315843; 51,759841;59,47170;391; 46,460980; 42,63323; 99,19;100,00; 99,03;  5,8789445; 29,9350897; 52,645320
Garça;Marília;Marília;   44582;  1159125; 25,999843;59,45598;392; 47,186933; 50,62696; 90,90; 79,99; 79,99; 23,9822723; 62,2629502; 40,708746
Itapeva;Itapeva;Itapeva;   93570;  2371573; 25,345442;59,44097;393; 49,364791; 58,77743; 92,06; 82,04; 79,93; 16,4298858; 65,1011837; 31,824464
Valparaíso;Araçatuba;Araçatuba;   25632;   989934; 38,621021;59,29978;394; 66,424682; 75,86207;100,00; 80,00; 80,00;  9,0765598; 33,7406135; 29,294325
Jundiaí;Campinas;Jundiaí;  409497; 41227953;100,679499;59,18210;395; 31,578947; 29,78056; 99,07;100,00;100,00; 17,3102463; 67,7357770; 27,981264
Tietê;Sorocaba;Sorocaba;   41022;  1739795; 42,411267;59,17800;396; 67,695100; 74,13793; 90,91; 99,80; 59,88;  8,5562717; 51,1900216; 21,254703
Marapoama;São José do Rio Preto;Catanduva;    2949;   173054; 58,682265;59,04524;397; 87,840290;100,00000; 97,36;100,00;  0,00;  1,9778356; 49,0899835; 36,093834
Indaiatuba;Campinas;Campinas;  239602; 13489932; 56,301417;59,02220;398; 47,912886; 49,05956; 98,36; 85,00; 44,04; 35,0055322; 76,0722922; 36,727329
Itatiba;Campinas;Jundiaí;  116503;  5566364; 47,778718;58,95162;399; 44,283122; 53,76176; 87,77; 82,61; 82,61; 17,9373479; 73,9722540; 28,668510
Florínia;Marília;Assis;    2758;   231650; 83,992023;58,94029;400;  8,166969; 27,42947; 85,96;100,00;100,00; 14,9306976; 92,1725850; 42,862628
Bragança Paulista;Campinas;Bragança Paulista;  164163;  5672443; 34,553724;58,93655;401; 45,553539; 56,26959; 95,02; 70,29; 70,29; 21,2069990; 85,3379152; 27,524380
Pardinho;Sorocaba;Botucatu;    6259;   283090; 45,229270;58,90362;402; 50,090744; 60,81505; 75,16; 86,31; 86,31; 17,1763209; 76,4541173; 18,912693
Pirassununga;Campinas;Limeira;   75474;  2605700; 34,524472;58,89627;403; 55,353902; 49,84326; 91,63; 80,81; 80,56; 20,3914430; 58,9410717; 33,640482
Monte Mor;Campinas;Campinas;   57240;  2917997; 50,978284;58,82987;404; 48,820327; 58,15047;100,00; 72,60; 72,60; 20,9990181; 80,6796487; 16,789526
Boituva;Sorocaba;Itapetininga;   57910;  2696866; 46,569953;58,82734;405; 51,361162; 61,91223; 84,14; 73,84; 73,84; 16,9201243; 85,6688303; 22,936343
Joanópolis;Campinas;Bragança Paulista;   12947;   207714; 16,043408;58,80963;406; 50,090744; 60,34483; 69,52; 69,88; 69,22; 29,0955566;100,0000000; 22,325885
Angatuba;Itapeva;Itapeva;   24634;   963361; 39,106966;58,79903;407; 48,820327; 58,77743; 80,24; 82,68; 82,68; 19,0487322; 77,0523100; 21,093450
Pedreira;Campinas;Campinas;   46598;  1128534; 24,218507;58,79515;408; 64,428312; 67,39812; 97,57; 78,74; 61,01; 14,3494701; 51,4318442; 35,433464
Paulínia;Campinas;Campinas;  102499; 35346490;344,847169;58,73094;409; 39,201452; 53,60502;100,00; 81,86; 80,28; 13,1855416; 67,9521446; 33,763342
Tapiraí;Sorocaba;Sorocaba;    7973;   145686; 18,272419;58,72954;410; 45,190563; 51,25392; 67,68; 93,68; 93,68;  6,9932791; 92,7453226; 18,613223
Getulina;Bauru;Lins;   11362;   195118; 17,172857;58,72604;411; 85,117967; 91,84953; 77,12;100,00; 92,31;  4,6886324; 18,7221586;  0,000000
Serra Azul;Ribeirão Preto;Ribeirão Preto;   13810;   165106; 11,955539;58,69039;412; 52,087114; 61,59875; 56,01; 90,93; 90,93; 19,7577855; 75,9450172; 22,264455
Poá;São Paulo;São Paulo;  115488;  4216622; 36,511343;58,63875;413; 31,760436; 33,85580;100,00; 87,24; 75,51; 18,4548464; 78,6814306; 43,607464
Tanabi;São José do Rio Preto;São José do Rio Preto;   25723;   938476; 36,483925;58,62581;414; 80,580762; 81,97492; 90,36;100,00;  0,00;  0,0000000;100,0000000; 16,090762
São Luís do Paraitinga;São José dos Campos;Taubaté;   10740;   172868; 16,095717;58,46623;415; 51,542650; 60,65831; 57,69; 87,26; 87,26; 17,8230459; 90,8871070; 14,608769
Nova Aliança;São José do Rio Preto;São José do Rio Preto;    6733;   190535; 28,298678;58,43140;416; 82,214156; 90,12539;100,00; 79,85; 59,95;  0,0000000; 20,5040092; 34,807648
Conchas;Sorocaba;Botucatu;   17638;   344263; 19,518256;58,39979;417; 48,457350; 59,56113; 71,73; 88,75; 88,75; 22,8337857; 76,2122948; 10,903786
Caraguatatuba;São José dos Campos;Caraguatatuba;  116786;  2928286; 25,073947;58,27408;418; 36,479129; 42,78997; 80,29; 85,63; 85,63; 20,7582350; 88,6343388; 25,980957
Santo Antônio do Jardim;Campinas;São João da Boa Vista;    6029;   137160; 22,750041;58,23241;419; 50,998185; 60,81505; 61,34; 96,32; 96,32;  9,5562490; 69,5430826; 20,966751
Jacupiranga;Registro;Registro;   17900;   604720; 33,783240;58,21413;420; 41,560799; 46,70846; 65,65; 90,91; 85,11; 17,5883609; 88,9525264; 29,232896
Cananéia;Registro;Registro;   12609;   258772; 20,522801;58,19966;421; 38,112523; 44,35737; 84,13; 82,21; 82,21; 21,7409027; 93,7126130; 19,123858
Barrinha;Ribeirão Preto;Ribeirão Preto;   31921;   468976; 14,691770;58,16738;422; 90,744102; 93,41693; 98,89; 79,90;  0,00;  0,0000000; 61,8174876; 40,570529
Olímpia;Barretos;Barretos;   54037;  2072343; 38,350445;58,15972;423; 63,702359; 62,53918; 94,44; 80,00; 23,97; 30,1489370; 72,2794960; 38,197804
Ipuã;Franca;São Joaquim da Barra;   15932;   379295; 23,807118;58,08502;424; 80,580762; 85,57994;100,00; 60,00; 60,00; 10,4482752; 32,0733104; 35,997850
Divinolândia;Campinas;São João da Boa Vista;   11384;   299836; 26,338370;57,81686;425; 49,546279; 60,03135; 74,24; 84,53; 76,01; 15,7008527; 81,2523864; 21,223988
Iporanga;Itapeva;Itapeva;    4299;    50487; 11,743894;57,78160;426; 46,823956; 51,88088; 52,27;100,00;100,00; 11,0198031; 92,6562301;  7,601935
Pariquera-Açu;Registro;Registro;   19537;   526936; 26,971183;57,77367;427; 39,564428; 45,29781; 73,91; 89,89; 89,89; 22,9920525; 77,5359552; 23,109115
Guararapes;Araçatuba;Araçatuba;   32654;   987256; 30,233846;57,72776;428; 90,925590; 87,93103; 92,55; 48,50; 40,12;  8,4616271; 80,5141912; 12,819627
Riolândia;São José do Rio Preto;Votuporanga;   12086;   226354; 18,728612;57,71782;429; 18,874773; 35,89342; 74,04; 91,78; 91,78; 19,8438977; 93,6362479; 35,894187
São Miguel Arcanjo;Sorocaba;Itapetininga;   32910;   676363; 20,551899;57,65252;430; 50,453721; 60,03135; 71,50; 77,91; 77,91; 18,5461126; 77,6632302; 27,205713
Torre de Pedra;Sorocaba;Botucatu;    2395;    27864; 11,634238;57,65205;431; 49,909256; 61,75549; 95,29; 59,64; 59,64; 33,7842061; 88,2779687; 12,919450
Redenção da Serra;São José dos Campos;Taubaté;    3908;    57031; 14,593398;57,55555;432; 51,905626; 62,22571; 46,26; 89,67; 89,67; 13,9755754; 96,3981163; 10,339400
Itanhaém;Santos;Santos;   98629;  1855370; 18,811607;57,54097;433; 43,375681; 48,11912; 94,37; 54,02; 54,02; 56,2256066;100,0000000; 10,197343
Jumirim;Sorocaba;Sorocaba;    3237;   103933; 32,107816;57,53169;434; 67,513612; 77,27273; 97,65; 55,36; 55,36;  5,1384688; 80,8960163; 21,062735
Itaju;Bauru;Jaú;    3703;   107728; 29,092087;57,48693;435; 90,562613; 93,57367; 68,75; 80,95; 80,95;  0,0000000; 33,0151457; 12,093988
Iguape;Registro;Registro;   30644;   809924; 26,430101;57,40457;436; 43,012704; 47,96238; 64,91; 76,29; 76,29; 27,8082559;100,0000000; 22,963219
Capivari;Campinas;Piracicaba;   54298;  1877375; 34,575399;57,35916;437; 51,724138; 54,23197; 94,50; 80,00; 21,59; 37,1971841; 88,3161512; 31,313829
Pompéia;Marília;Marília;   21674;   825898; 38,105472;57,35910;438; 38,838475; 60,50157; 93,04; 80,00; 80,00; 14,5299807; 65,0757286; 26,887046
Ilha Comprida;Registro;Registro;   10656;   692944; 65,028529;57,33305;439; 45,372051; 50,15674; 87,66; 57,17; 57,17; 36,9629967;100,0000000; 24,172618
Viradouro;Barretos;Barretos;   18654;   356142; 19,091991;57,26259;440; 87,114338; 89,34169; 97,85;100,00; 12,21;  0,0000000; 49,5736286; 22,011057
Suzano;São Paulo;São Paulo;  290769; 10761082; 37,009042;57,18776;441; 29,945554; 34,79624;100,00; 77,45; 54,21; 38,4978918; 84,2433499; 38,359057
Embaúba;Barretos;Barretos;    2476;    54347; 21,949515;57,17563;442; 67,332123; 70,53292; 85,02;100,00; 84,72; 22,0682700;  0,0000000; 27,731705
São Pedro;Campinas;Piracicaba;   34898;   741439; 21,245888;57,15294;443; 69,872958; 77,89969; 98,81; 95,00;  8,87; 41,5171427; 54,1809851; 11,072717
Caçapava;São José dos Campos;São José dos Campos;   92587;  4075123; 44,013987;57,13920;444; 46,642468; 58,15047;100,00; 75,14; 74,54; 15,9560517; 66,2975690; 20,387008
Barão de Antonina;Itapeva;Itapeva;    3406;    79652; 23,385790;57,01666;445; 52,631579; 62,53918; 75,39; 77,41; 77,41; 13,5690224; 84,6633575; 12,520157
Pitangueiras;Ribeirão Preto;Ribeirão Preto;   38889;  1183500; 30,432770;56,99279;446; 95,644283; 96,23824; 98,83; 96,44;  0,00;  0,0000000; 61,8174876;  6,972280
Bebedouro;Barretos;Barretos;   77761;  3260501; 41,929772;56,97680;447; 68,965517; 72,72727;100,00; 53,42; 30,26; 15,9646138; 74,5322642; 39,944713
Capela do Alto;Sorocaba;Itapetininga;   20005;   285779; 14,285379;56,93673;448; 50,816697; 61,44201; 86,20; 65,98; 65,98; 22,4148455; 85,4906453; 17,169623
Artur Nogueira;Campinas;Campinas;   51986;  1081069; 20,795387;56,87882;449; 64,065336; 67,24138; 90,54; 95,21; 18,39; 24,6537052; 63,5357006; 31,394456
Cajati;Registro;Registro;   28870;  1565335; 54,220125;56,76417;450; 45,372051; 50,62696; 79,90; 79,06; 79,06; 18,8984916; 80,2214586; 20,974430
Guarulhos;São Paulo;São Paulo; 1349113; 55743650; 41,318741;56,72847;451; 48,820327; 56,58307; 99,94; 83,05;  7,42; 12,7081543; 64,2611684; 81,045074
Alumínio;Sorocaba;Sorocaba;   18324;  1853577;101,155697;56,68275;452; 41,379310; 59,87461; 71,11; 68,92; 62,86; 66,4511856; 69,3139875; 13,552945
Santa Cruz das Palmeiras;Campinas;São João da Boa Vista;   33455;   501910; 15,002541;56,59055;453; 86,751361; 92,47649; 96,89;100,00;  0,00;  0,4964459; 42,6116838; 33,498426
Porto Ferreira;Região Administrativa Central;São Carlos;   55432;  1975018; 35,629564;56,55995;454; 54,083485; 63,63636; 98,21; 79,20; 36,37; 20,2930773; 67,4684994; 33,218152
Cabrália Paulista;Bauru;Bauru;    4352;    84475; 19,410616;56,25694;455; 71,143376; 73,66771; 88,12; 61,52; 61,52;  0,0000000; 67,8885071; 26,195961
Barra do Turvo;Registro;Registro;    7781;    78283; 10,060789;56,25668;456; 42,286751; 47,49216; 42,57; 86,58; 86,58; 29,4404858;100,0000000; 15,104047
Monteiro Lobato;São José dos Campos;São José dos Campos;    4549;    60571; 13,315234;56,12776;457; 51,179673; 59,40439; 50,43; 80,13; 80,13; 22,1002948;100,0000000;  5,647700
Cafelândia;Bauru;Lins;   17645;   468342; 26,542477;56,08437;458; 76,950998; 83,85580; 86,65;100,00;  0,00;  0,0000000; 63,6884307; 37,529755
Cabreúva;Campinas;Jundiaí;   47877;  4294324; 89,694927;55,95398;459; 45,190563; 55,48589; 73,92; 71,20; 71,20; 40,0619105; 70,5358279; 20,037626
Mogi Mirim;Campinas;Campinas;   92365;  4456895; 48,253072;55,93746;460; 41,742287; 46,55172; 93,57; 90,51; 88,33; 15,2805554; 46,4172076; 25,097904
Serrana;Ribeirão Preto;Ribeirão Preto;   43790;   941115; 21,491551;55,86250;461; 84,029038; 90,43887;100,00;100,00;  0,00;  0,0000000; 19,9058165; 52,526300
Presidente Venceslau;Presidente Prudente;Presidente Prudente;   39544;   721893; 18,255437;55,81500;462; 63,339383; 66,92790;100,00; 64,98; 25,98;  7,4870487; 88,4306987; 29,374952
Iaras;Sorocaba;Avaré;    8484;   124727; 14,701438;55,79620;463; 51,905626; 61,12853; 33,74; 84,76; 84,76;  6,2331619; 91,2307496; 32,611533
Ibirarema;Marília;Assis;    7540;   180413; 23,927454;55,78772;464; 57,713249; 66,30094; 92,37; 84,92; 84,92;  0,0000000; 34,8606338; 25,216924
Amparo;Campinas;Bragança Paulista;   71193;  4358991; 61,227803;55,72805;465; 68,239564; 74,45141; 78,71; 87,79; 51,06; 11,5508126; 48,8863434; 25,136297
Jacareí;São José dos Campos;São José dos Campos;  229851; 11696354; 50,886679;55,72510;466; 40,653358; 47,02194; 99,13; 78,74; 59,39; 23,9943444; 63,1538755; 33,717269
Rafard;Campinas;Piracicaba;    9054;   326043; 36,010934;55,67059;467; 70,780399; 76,95925;100,00; 91,36;  0,00; 13,6868072; 87,3106784;  5,267603
Lavrinhas;São José dos Campos;Cruzeiro;    7150;   109607; 15,329650;55,60182;468; 53,539020; 66,92790; 95,09; 63,33; 49,33; 30,2481774; 78,5287005;  7,820779
Monte Azul Paulista;Barretos;Barretos;   19234;   562393; 29,239524;55,54226;469; 69,691470; 72,25705; 95,96; 85,00; 29,75;  7,8152571; 56,0519282; 27,812332
Eldorado;Registro;Registro;   15436;   362009; 23,452254;55,31795;470; 43,557169; 49,05956; 48,55; 88,74; 88,67; 21,3047110; 86,7633957; 15,898794
Salto de Pirapora;Sorocaba;Sorocaba;   44397;  1633062; 36,783161;55,06922;471; 48,094374; 58,15047;100,00; 64,05; 64,05; 19,6638278; 58,8901616; 27,654918
Barra Bonita;Bauru;Jaú;   36331;  1387795; 38,198646;54,87998;472; 56,079855; 74,76489;100,00; 80,00; 20,00; 15,6472203; 63,6375207; 28,910389
Santa Cruz da Conceição;Campinas;Limeira;    4409;   117879; 26,735995;54,84491;473; 76,043557; 78,99687; 70,61; 55,42; 55,42;  0,0000000; 77,8159603; 24,452891
Itapirapuã Paulista;Itapeva;Itapeva;    4186;    38226;  9,131868;54,81043;474; 50,453721; 59,71787; 59,13; 69,25; 69,25; 21,4197321; 93,2289678; 16,033172
São Paulo;São Paulo;São Paulo;12106920;699288352; 57,759393;54,71452;475; 25,952813; 32,60188; 99,30; 74,23; 64,66; 32,4190199; 69,5176276; 39,034785
Charqueada;Campinas;Piracicaba;   16772;   350913; 20,922549;54,63646;476; 49,183303; 58,77743; 99,65; 65,74; 62,35; 21,0324002; 62,8356879; 17,522844
Guaratinguetá;São José dos Campos;Guaratinguetá;  120417;  5277694; 43,828479;54,60590;477; 62,976407; 70,06270; 99,46; 93,46; 28,59;  2,6816988; 54,9446354; 24,671735
Socorro;Campinas;Bragança Paulista;   40220;   822933; 20,460791;54,57894;478; 49,727768; 59,87461; 60,05; 71,35; 71,08; 17,7262831; 84,2051674; 22,617676
São Bento do Sapucaí;São José dos Campos;Taubaté;   10895;   196195; 18,007802;54,55850;479; 48,638838; 59,87461; 70,68; 71,17; 57,11; 15,3187586;100,0000000; 13,675804
Juquiá;Registro;Registro;   19192;   361626; 18,842539;54,44315;480; 41,560799; 48,43260; 68,30; 74,95; 72,26; 24,9962452; 80,2087311; 24,836827
Cruzeiro;São José dos Campos;Cruzeiro;   81724;  2136729; 26,145673;54,39883;481; 76,225045; 84,63950;100,00;100,00;  0,00;  4,4757016; 30,3932799; 39,457114
Salesópolis;São Paulo;São Paulo;   16903;   200622; 11,869017;54,37233;482; 48,457350; 53,44828; 62,38; 67,23; 65,25; 32,1614718; 93,6235204; 12,428012
Itupeva;Campinas;Jundiaí;   57031;  6124416;107,387491;54,33693;483; 37,568058; 49,84326; 78,70; 72,30; 72,30; 18,3096967; 79,1905307; 26,483913
Taquarivaí;Itapeva;Itapeva;    5715;   242700; 42,467192;54,32988;484; 43,920145; 52,97806; 85,70; 60,63; 60,63; 14,2489893; 94,9853634; 21,546495
Neves Paulista;São José do Rio Preto;São José do Rio Preto;    8999;   219695; 24,413268;54,30902;485; 77,495463; 81,66144; 90,24; 42,67; 42,67;  8,8522311; 39,0861652; 51,796821
Diadema;São Paulo;São Paulo;  417869; 13412703; 32,097866;53,99456;486; 37,023593; 42,00627;100,00; 75,82; 37,47; 16,5420569; 78,5541555; 44,540428
Ribeirão Grande;Itapeva;Itapeva;    7697;   296224; 38,485644;53,93132;487; 50,635209; 59,87461; 91,34; 51,71; 51,71; 12,7929162;100,0000000; 13,387852
Águas de Santa Bárbara;Sorocaba;Avaré;    6009;   148264; 24,673656;53,91691;488; 49,364791; 58,46395; 74,80; 74,46; 74,46; 12,0995302; 69,0085274; 18,678492
Campo Limpo Paulista;Campinas;Jundiaí;   82520;  1922194; 23,293674;53,86907;489; 45,553539; 55,32915; 79,36; 77,59; 74,29; 20,5847629; 52,5136821; 25,731398
Nova Odessa;Campinas;Campinas;   58227;  3175071; 54,529187;53,86172;490; 28,675136; 24,29467;100,00; 71,54; 71,54; 33,8503356; 70,0521828; 30,941411
São José do Rio Pardo;Campinas;São João da Boa Vista;   54734;  1727261; 31,557368;53,73305;491; 68,965517; 74,76489; 94,95; 96,23; 13,83;  9,4163485; 49,0899835; 22,617676
Taboão da Serra;São Paulo;São Paulo;  279634;  8843886; 31,626648;53,71006;492; 37,931034; 42,47649;100,00; 69,67; 34,27; 17,1501415; 78,3632430; 49,819550
Jardinópolis;Ribeirão Preto;Ribeirão Preto;   42904;  1072305; 24,993124;53,69552;493; 70,780399; 73,04075;100,00; 78,63;  0,00;  8,3191305; 25,3277332; 73,466175
Sumaré;Campinas;Campinas;  273007; 13744576; 50,345141;53,66972;494; 56,987296; 63,32288; 96,85; 79,79; 20,69; 25,9858567; 61,5629375; 24,168778
Ferraz de Vasconcelos;São Paulo;São Paulo;  188868;  2989860; 15,830421;53,62629;495; 38,475499; 44,04389; 96,85; 68,04; 38,10; 13,8345726; 85,4906453; 44,175689
Apiaí;Itapeva;Itapeva;   24945;   651733; 26,126799;53,62169;496; 45,190563; 54,38871; 79,05; 66,44; 66,44; 20,3212124; 84,8033601; 12,339707
Cordeirópolis;Campinas;Limeira;   23793;  2610037;109,697684;53,61834;497; 70,235935; 73,51097;100,00; 71,23;  0,00;  4,7859567; 84,9306351; 24,253244
Junqueirópolis;Presidente Prudente;Dracena;   20353;   613203; 30,128384;53,52123;498; 73,139746; 81,97492; 82,24; 59,15; 59,15;  3,0966146; 14,0511646; 55,367427
Iperó;Sorocaba;Sorocaba;   34913;   564350; 16,164466;53,36334;499; 53,176044; 63,32288; 67,39; 62,33; 62,33; 18,7428387; 75,6650121; 23,949935
Ribeirão Branco;Itapeva;Itapeva;   17220;   380318; 22,085830;53,05435;500; 50,272232; 59,40439; 72,99; 64,74; 59,10; 12,9366675; 86,5088456; 18,482684
São Sebastião;São José dos Campos;Caraguatatuba;   85538;  2711187; 31,695702;53,00711;501; 30,308530; 40,12539; 73,68; 74,58; 74,58; 39,1541211; 71,5413008; 20,087537
Lindóia;Campinas;Bragança Paulista;    7695;   164728; 21,407147;52,73671;502; 76,043557; 88,24451;100,00; 74,70;  0,00;  0,0000000; 58,6101565; 24,295477
Sete Barras;Registro;Registro;   13053;   412265; 31,583927;52,62917;503; 40,834846; 46,70846; 69,01; 71,78; 71,30; 12,3998628; 87,6034110; 21,396760
Araras;Campinas;Limeira;  131282;  5284021; 40,249394;52,53509;504; 74,410163; 81,66144;100,00; 72,28;  0,00;  7,2030138; 45,0808197; 39,645243
Piquete;São José dos Campos;Guaratinguetá;   13976;   153226; 10,963509;52,50907;505; 72,958258; 84,01254; 95,74; 79,50;  0,00; 16,1082461; 40,5625557; 31,190970
Pinhalzinho;Campinas;Bragança Paulista;   14763;   250266; 16,952245;52,37600;506; 50,635209; 60,97179; 56,11; 63,39; 63,10; 15,1730156; 91,8671249; 17,760885
Descalvado;Região Administrativa Central;São Carlos;   33346;  1643346; 49,281653;52,19096;507; 83,121597; 87,61755; 90,38; 80,00;  0,00;  0,0000000; 58,3174240; 18,091070
Jambeiro;São José dos Campos;São José dos Campos;    6305;   231948; 36,787946;52,17384;508; 38,294011; 57,83699; 72,34; 62,84; 62,84; 13,9753832; 86,3433881; 22,920986
Mogi das Cruzes;São Paulo;São Paulo;  433901; 14470623; 33,350057;52,11322;509; 46,279492; 48,58934; 99,70; 74,94; 48,03; 18,6039147; 53,5573374; 27,205713
Caieiras;São Paulo;São Paulo;   98223;  3289605; 33,491188;51,82955;510; 36,660617; 45,29781; 97,35; 60,56;  0,00; 44,0542660; 87,9470536; 42,766644
Iepê;Presidente Prudente;Presidente Prudente;    8103;   244895; 30,222757;51,80089;511; 88,203267; 93,57367; 88,81; 48,73; 48,73;  0,0000000; 25,9386534; 20,421562
Alambari;Sorocaba;Itapetininga;    5754;   100567; 17,477755;51,74698;512; 50,272232; 60,18809; 77,85; 54,22; 54,22; 20,3345084; 70,6758305; 26,215158
Monte Alegre do Sul;Campinas;Bragança Paulista;    7871;   166571; 21,162622;51,71283;513; 75,317604; 79,93730; 88,71; 45,97;  0,00;  0,0000000; 77,6377752; 46,129924
São Carlos;Região Administrativa Central;São Carlos;  246088; 10475655; 42,568736;51,70627;514; 45,372051; 50,00000; 96,00; 83,84; 80,32;  6,7422852; 33,7915235; 17,584274
Miracatu;Registro;Registro;   20288;   426651; 21,029722;51,67273;515; 41,197822; 45,29781; 57,20; 85,51; 85,51; 13,7015270; 70,6631030; 14,301620
São Caetano do Sul;São Paulo;São Paulo;  159608; 13106959; 82,119687;51,57677;516;  9,618875; 18,49530;100,00; 85,95; 85,95;  4,4639792; 84,6506300; 23,485372
Irapuru;Presidente Prudente;Adamantina;    8248;    86285; 10,461324;51,48263;517; 76,225045; 81,03448; 70,33; 76,44; 61,11;  0,0000000; 28,4077892; 18,313753
São Vicente;Santos;Santos;  360380;  5204306; 14,441162;51,22237;518; 39,382940; 45,61129; 91,88; 67,64; 67,64; 18,4751296; 46,3153876; 32,834216
Quadra;Sorocaba;Itapetininga;    3680;    88900; 24,157609;51,20608;519; 47,186933; 57,05329; 32,37; 64,89; 64,89; 13,2785124; 92,4271350; 37,552791
Pracinha;Presidente Prudente;Adamantina;    3768;    28207;  7,485934;51,04281;520; 15,607985;  7,99373; 47,80;100,00;100,00; 13,8355126;100,0000000; 23,105275
Ourinhos;Marília;Ourinhos;  111813;  2999648; 26,827364;51,00270;521; 47,731397; 57,36677;100,00; 76,12; 63,08;  8,1589295; 20,1349115; 35,429625
Queluz;São José dos Campos;Cruzeiro;   12949;   325115; 25,107344;50,98067;522; 47,186933; 61,44201; 75,48; 62,61; 40,86; 13,3030402; 92,3507700; 14,612608
Piracaia;Campinas;Bragança Paulista;   26991;   476025; 17,636434;50,93939;523; 47,005445; 58,30721; 67,44; 57,71; 56,70; 18,8717341; 79,6232659; 21,857483
Biritiba-Mirim;São Paulo;São Paulo;   31793;   704607; 22,162331;50,92699;524; 47,549909; 53,29154; 55,34; 69,49; 68,17; 16,1604095; 88,0997836;  9,314290
Sarapuí;Sorocaba;Itapetininga;   10034;   150275; 14,976580;50,87083;525; 50,453721; 61,44201; 85,34; 58,46;  0,00; 28,7722702;100,0000000; 22,498656
Campos do Jordão;São José dos Campos;Taubaté;   51454;  1195551; 23,235336;50,65768;526; 27,586207; 39,02821; 64,83; 76,38; 76,38; 26,7538646; 77,1795851; 17,123551
Rio Grande da Serra;São Paulo;São Paulo;   49408;   610938; 12,365164;50,24494;527; 35,753176; 38,24451; 84,92; 58,81; 49,99; 19,8381797; 80,3869161; 34,016740
Rio das Pedras;Campinas;Piracicaba;   33935;  1194153; 35,189421;50,06345;528; 58,983666; 70,37618; 95,39;100,00;  0,00;  0,0000000; 41,5298460; 34,227904
Ribeirão Pires;São Paulo;São Paulo;  121848;  3046465; 25,002175;49,97162;529; 36,297641; 40,90909; 90,25; 64,74; 45,32; 26,0692705; 74,8631793; 21,323812
São Simão;Ribeirão Preto;Ribeirão Preto;   15225;   465707; 30,588309;49,83407;530; 92,558984; 88,55799; 89,32; 19,67;  0,00;  0,0000000;100,0000000;  8,565615
Pedro de Toledo;Registro;Registro;   11136;   151283; 13,585040;49,72719;531; 43,012704; 49,05956; 60,18; 63,21; 62,82; 16,4323427; 83,4415171; 19,661368
Itaóca;Itapeva;Itapeva;    3341;    39033; 11,683029;49,72138;532; 49,001815; 58,46395; 69,69; 50,85; 50,85; 15,2640686;100,0000000;  3,651232
Carapicuíba;São Paulo;São Paulo;  396587;  5494357; 13,854103;49,72032;533; 47,005445; 49,37304;100,00; 55,98; 28,61; 14,9457803; 70,3194604; 31,528834
Vargem Grande Paulista;São Paulo;São Paulo;   50346;  1805301; 35,857883;49,67848;534; 31,941924; 43,88715; 94,63; 25,45;  8,13;100,0000000; 68,4866998; 24,902096
Atibaia;Campinas;Bragança Paulista;  139683;  6162799; 44,119893;49,63746;535; 28,312160; 33,07210; 87,99; 71,92; 65,43; 24,7778268; 58,7374316; 26,860170
Bom Jesus dos Perdões;Campinas;Bragança Paulista;   24023;   863923; 35,962328;49,63504;536; 68,965517; 76,33229; 90,00; 64,82;  0,00; 12,1281424; 62,0593102; 22,775090
Guareí;Sorocaba;Itapetininga;   17551;   239829; 13,664691;49,63379;537; 38,656987; 56,26959; 62,20; 62,64; 62,64; 20,4317094; 77,7650503; 16,467020
Guarujá;Santos;Santos;  315563;  8589741; 27,220368;49,50030;538; 34,664247; 44,51411; 82,40; 67,91; 67,91; 23,0166577; 51,0500191; 24,537357
Osasco;São Paulo;São Paulo;  697886; 77910496;111,637855;49,44767;539; 38,656987; 43,10345;100,00; 59,27; 31,25; 21,1375336; 66,5648466; 35,598556
Porangaba;Sorocaba;Botucatu;    9565;   183137; 19,146576;49,13231;540; 49,183303; 63,63636; 75,55; 43,84; 43,84; 22,6057680; 83,6451572; 10,757890
Bertioga;Santos;Santos;   59297;  1606553; 27,093327;49,05832;541; 38,656987; 44,20063; 73,15; 58,09; 58,09; 36,1790105; 71,0576556; 13,042310
Embu das Artes;São Paulo;São Paulo;  267054; 11713049; 43,860227;49,02774;542; 37,749546; 39,65517;100,00; 54,66; 30,06; 19,1666546; 73,1704213; 37,760117
Santo Antônio do Pinhal;São José dos Campos;Taubaté;    6800;   103677; 15,246618;49,00997;543; 44,101633; 55,17241; 54,99; 57,19; 57,19; 20,1136352; 86,3942981; 16,927743
Estiva Gerbi;Campinas;Campinas;   11067;   313228; 28,302882;48,79378;544; 83,303085; 86,67712; 79,76; 80,00;  0,00;  9,7363935; 37,1134021; 13,760270
Santa Branca;São José dos Campos;São José dos Campos;   14667;   246568; 16,811072;48,56445;545; 65,335753; 72,41379; 64,14;100,00;  4,60; 19,4230870; 46,3662976; 16,236658
Ribeira;Itapeva;Itapeva;    3390;    47304; 13,953982;48,49654;546; 43,194192; 51,09718; 69,29; 39,88; 39,88; 35,8733490;100,0000000;  8,757583
Campinas;Campinas;Campinas; 1182429; 59053563; 49,942587;48,47842;547;  0,000000;  0,00000; 98,09; 79,58; 70,32; 23,8576503; 83,5178821; 32,461798
Piedade;Sorocaba;Sorocaba;   55092;  1217773; 22,104353;48,45839;548; 44,464610; 55,01567; 55,20; 61,10; 59,07; 22,9790521; 65,1775487; 24,660217
Guararema;São Paulo;São Paulo;   28978;   960960; 33,161709;48,30454;549; 35,027223; 43,57367; 72,22; 61,84; 61,84; 16,0271812; 78,5159730; 17,392306
Itapevi;São Paulo;São Paulo;  229502; 11597557; 50,533577;48,25669;550; 40,653358; 48,43260; 95,04; 51,15; 27,07; 25,4686034; 62,2756777; 35,963296
Barra do Chapéu;Itapeva;Itapeva;    5653;    81558; 14,427384;48,24008;551; 48,275862; 58,62069; 38,70; 64,97; 63,06; 19,1517760; 86,2161130;  6,926207
Macaubal;São José do Rio Preto;Votuporanga;    8086;   160519; 19,851472;48,16120;552; 59,709619; 62,85266; 88,31; 62,47;  0,00;  0,0000000; 62,1738577; 49,773478
Mairinque;Sorocaba;Sorocaba;   46567;  1706174; 36,639122;48,16093;553; 50,090744; 60,65831; 85,79; 74,79;  0,00; 27,3398131; 67,8248695; 18,793673
Arujá;São Paulo;São Paulo;   86430;  5311877; 61,458718;48,15196;554; 24,137931; 34,63950;100,00; 49,38; 49,38; 19,8363820; 74,8886343; 32,953237
Santo André;São Paulo;São Paulo;  715231; 27470680; 38,408123;48,00228;555; 28,130672; 34,63950;100,00; 84,59; 37,42;  8,4799608; 42,4589538; 48,299163
Paraibuna;São José dos Campos;São José dos Campos;   18206;   273661; 15,031363;47,97114;556; 50,272232; 60,50157; 73,65; 74,54;  0,00; 24,4036005; 75,9450172; 24,456730
Marília;Marília;Marília;  235234;  7719607; 32,816714;47,91200;557; 60,435572; 72,10031; 99,28; 80,00;  4,12; 10,7496006; 34,4151712; 22,195347
São Bernardo do Campo;São Paulo;São Paulo;  827437; 44680389; 53,998539;47,88187;558; 28,493648; 36,52038;100,00; 72,73; 19,55; 21,8242098; 65,2666412; 38,670045
Vargem;Campinas;Bragança Paulista;   10143;   112807; 11,121660;47,85684;559; 49,364791; 58,77743; 49,03; 53,30; 51,92; 15,8247521; 91,4725722; 13,165169
Jandira;São Paulo;São Paulo;  121492;  4028508; 33,158628;47,69798;560; 35,027223; 40,28213;100,00; 57,03; 25,94; 19,1069541; 62,0720377; 42,125470
Itaquaquecetuba;São Paulo;São Paulo;  360657;  6932298; 19,221304;47,67964;561; 40,108893; 48,11912;100,00; 53,22;  8,41; 28,1033148; 68,5376098; 34,938186
Araçariguama;Sorocaba;Sorocaba;   21038;  2844224;135,194600;47,55593;562; 43,738657; 58,30721; 60,30; 55,68; 31,16; 20,5663286; 95,5835561; 15,111725
Ubatuba;São José dos Campos;Caraguatatuba;   88313;  1964761; 22,247699;47,49727;563; 38,838475; 43,57367; 74,04; 39,50; 39,43; 29,5945223; 86,5979381; 28,403594
São Lourenço da Serra;São Paulo;São Paulo;   15465;   206752; 13,369027;47,43684;564; 42,649728; 48,43260; 48,07; 58,86; 58,86; 16,4113737; 90,9380171; 15,272979
São Roque;Sorocaba;Sorocaba;   88473;  2724771; 30,797769;47,34319;565; 38,838475; 45,45455; 67,47; 70,59; 64,44; 21,0151073; 48,8227059; 22,114720
Itariri;Registro;Registro;   17062;   269481; 15,794221;47,17661;566; 42,831216; 46,39498; 37,94; 69,14; 68,89; 17,6029724; 83,2760596; 11,337633
Guapiara;Itapeva;Itapeva;   17640;   317156; 17,979365;46,92383;567; 48,457350; 58,93417; 59,44; 54,99; 50,80;  8,4101823; 75,4231895; 18,935729
Araçoiaba da Serra;Sorocaba;Sorocaba;   32495;   668034; 20,558055;46,57362;568; 38,294011; 44,51411; 97,46; 33,18; 33,18; 18,5107142; 85,5542828; 21,895877
Barueri;São Paulo;São Paulo;  267534; 47553589;177,747834;46,46278;569; 12,885662; 23,35423;100,00; 62,61; 31,20; 33,4048255; 64,9357261; 43,311833
Igaratá;São José dos Campos;São José dos Campos;    9443;   217382; 23,020438;46,21469;570; 45,553539; 56,89655; 55,90; 44,62; 44,62; 10,9625627;100,0000000; 11,164862
Pacaembu;Presidente Prudente;Adamantina;   14086;   200516; 14,235127;45,93194;571; 63,883848; 65,20376; 73,68; 50,00; 50,00; 19,6804265;  9,2783505; 35,729095
Ilhabela;São José dos Campos;Caraguatatuba;   33354;  6153610;184,493914;45,59644;572; 21,234120; 26,48903; 68,71; 52,56; 52,56; 30,7213423; 87,5143184; 24,982723
Cubatão;Santos;Santos;  128748; 12336913; 95,822172;45,54466;573; 27,949183; 47,17868; 85,42; 50,02; 50,02; 33,7879568; 50,4390989; 19,542348
Santana de Parnaíba;São Paulo;São Paulo;  131887;  8583623; 65,083162;45,37937;574; 34,845735; 33,07210;100,00; 32,50;  7,70; 56,4743168; 53,8755250; 44,567304
São Joaquim da Barra;Franca;São Joaquim da Barra;   50921;  1533653; 30,118281;44,68562;575; 83,121597; 88,87147;100,00; 47,29;  0,00;  0,0000000; 19,3967163; 18,805191
Cajamar;São Paulo;São Paulo;   73921; 15003191;202,962501;44,55922;576; 32,304900; 39,34169;100,00; 59,55;  0,00; 20,2970248; 83,2378771; 21,742302
Jarinu;Campinas;Jundiaí;   28540;  2251523; 78,890084;44,54280;577; 44,101633; 51,72414; 65,87; 30,59; 30,59; 41,1053526; 76,0977472; 16,263534
Santa Isabel;São Paulo;São Paulo;   56014;  1353632; 24,165959;43,91607;578; 54,990926; 60,18809; 65,17; 69,59;  4,98; 29,0981019; 42,8662339; 24,445212
Salto Grande;Marília;Ourinhos;    9287;   209782; 22,588780;43,88628;579; 67,513612; 56,42633;100,00; 22,40; 22,40;  0,0000000; 62,3011327; 20,049144
Francisco Morato;São Paulo;São Paulo;  171602;  1464628;  8,535029;43,81003;580; 42,468240; 50,15674; 95,81; 35,01;  0,00; 33,0291318; 59,1447117; 34,861399
Tuiuti;Campinas;Bragança Paulista;    6689;    86002; 12,857228;43,65169;581; 68,965517; 69,27900; 78,00; 58,12;  0,00;  0,0000000; 50,3500064; 24,498963
Cotia;São Paulo;São Paulo;  237750; 11573369; 48,678734;43,05160;582; 29,219601; 39,34169;100,00; 37,37; 16,07; 23,8929516; 74,6722668; 23,846272
Aparecida;São José dos Campos;Guaratinguetá;   36279;  1048666; 28,905593;43,00329;583; 46,279492; 52,03762; 98,55; 64,11;  0,00; 21,8043510; 38,5388825; 22,705982
Itapecerica da Serra;São Paulo;São Paulo;  170927;  3281942; 19,200840;42,76431;584; 36,116152; 38,40125; 96,25; 27,44; 26,89; 26,0853536; 62,9120529; 28,019658
Embu-Guaçu;São Paulo;São Paulo;   68270;  1043490; 15,284752;42,67839;585; 37,749546; 37,14734; 83,69; 37,76; 37,76; 21,4041180; 64,5539010; 21,362205
Franco da Rocha;São Paulo;São Paulo;  149502;  3029794; 20,265909;42,64387;586; 18,511797; 26,80251; 97,59; 52,34;  0,00; 32,8953108; 78,7450681; 34,266298
Bauru;Bauru;Bauru;  371690; 13771753; 37,051718;42,44739;587; 41,379310; 26,95925; 98,28; 64,61;  1,77; 12,6922961; 40,6516482; 53,236581
Pedra Bela;Campinas;Bragança Paulista;    6078;    80140; 13,185258;40,98793;588; 44,464610; 56,58307; 26,06; 63,31;  0,00; 24,6546508;100,0000000; 12,831145
Ibiúna;Sorocaba;Sorocaba;   77566;  1632767; 21,050035;40,96076;589; 42,468240; 52,82132; 46,15; 36,14; 36,14; 13,7020853; 77,1668576; 23,097597
Pirapora do Bom Jesus;São Paulo;São Paulo;   18174;   396159; 21,798118;40,80468;590; 41,742287; 47,02194; 82,36; 49,24; 21,23; 17,4501982; 47,5626830; 19,830300
Nazaré Paulista;Campinas;Bragança Paulista;   18121;   334669; 18,468572;40,17866;591; 45,916515; 59,87461; 39,14; 24,65; 24,61; 15,7573629; 84,9815451; 26,499271
Mairiporã;São Paulo;São Paulo;   95601;  1716735; 17,957291;39,43859;592; 35,571688; 41,53605; 54,71; 33,21; 23,60; 27,9739345; 78,4777905; 20,429241
Juquitiba;São Paulo;São Paulo;   31027;   485671; 15,653173;37,88866;593; 38,656987; 41,84953; 44,61; 34,11; 34,11; 11,7223829; 79,4832633; 18,567150
Caconde;Campinas;São João da Boa Vista;   19025;   343594; 18,060131;36,20969;594; 73,865699; 75,86207; 69,65; 50,19;  0,00;  0,0000000;  0,8400153; 19,269754
Aguaí;NA;NA;NA;NA;NA;NA;NA;NA;NA;NA;NA;NA;NA;NA;NA
Analândia;NA;NA;NA;NA;NA;NA;NA;NA;NA;NA;NA;NA;NA;NA;NA
Aramina;NA;NA;NA;NA;NA;NA;NA;NA;NA;NA;NA;NA;NA;NA;NA
Areias;NA;NA;NA;NA;NA;NA;NA;NA;NA;NA;NA;NA;NA;NA;NA
Ariranha;NA;NA;NA;NA;NA;NA;NA;NA;NA;NA;NA;NA;NA;NA;NA
Bady Bassitt;NA;NA;NA;NA;NA;NA;NA;NA;NA;NA;NA;NA;NA;NA;NA
Boa Esperança do Sul;NA;NA;NA;NA;NA;NA;NA;NA;NA;NA;NA;NA;NA;NA;NA
Borebi;NA;NA;NA;NA;NA;NA;NA;NA;NA;NA;NA;NA;NA;NA;NA
Caiuá;NA;NA;NA;NA;NA;NA;NA;NA;NA;NA;NA;NA;NA;NA;NA
Campos Novos Paulista;NA;NA;NA;NA;NA;NA;NA;NA;NA;NA;NA;NA;NA;NA;NA
Canitar;NA;NA;NA;NA;NA;NA;NA;NA;NA;NA;NA;NA;NA;NA;NA
Casa Branca;NA;NA;NA;NA;NA;NA;NA;NA;NA;NA;NA;NA;NA;NA;NA
Cedral;NA;NA;NA;NA;NA;NA;NA;NA;NA;NA;NA;NA;NA;NA;NA
Corumbataí;NA;NA;NA;NA;NA;NA;NA;NA;NA;NA;NA;NA;NA;NA;NA
Cosmorama;NA;NA;NA;NA;NA;NA;NA;NA;NA;NA;NA;NA;NA;NA;NA
Cunha;NA;NA;NA;NA;NA;NA;NA;NA;NA;NA;NA;NA;NA;NA;NA
Dumont;NA;NA;NA;NA;NA;NA;NA;NA;NA;NA;NA;NA;NA;NA;NA
Guarantã;NA;NA;NA;NA;NA;NA;NA;NA;NA;NA;NA;NA;NA;NA;NA
Guatapará;NA;NA;NA;NA;NA;NA;NA;NA;NA;NA;NA;NA;NA;NA;NA
Iacanga;NA;NA;NA;NA;NA;NA;NA;NA;NA;NA;NA;NA;NA;NA;NA
Ibitinga;NA;NA;NA;NA;NA;NA;NA;NA;NA;NA;NA;NA;NA;NA;NA
Ipaussu;NA;NA;NA;NA;NA;NA;NA;NA;NA;NA;NA;NA;NA;NA;NA
Ipiguá;NA;NA;NA;NA;NA;NA;NA;NA;NA;NA;NA;NA;NA;NA;NA
Júlio Mesquita;NA;NA;NA;NA;NA;NA;NA;NA;NA;NA;NA;NA;NA;NA;NA
Mauá;NA;NA;NA;NA;NA;NA;NA;NA;NA;NA;NA;NA;NA;NA;NA
Mendonça;NA;NA;NA;NA;NA;NA;NA;NA;NA;NA;NA;NA;NA;NA;NA
Monte Castelo;NA;NA;NA;NA;NA;NA;NA;NA;NA;NA;NA;NA;NA;NA;NA
Natividade da Serra;NA;NA;NA;NA;NA;NA;NA;NA;NA;NA;NA;NA;NA;NA;NA
Nova Castilho;NA;NA;NA;NA;NA;NA;NA;NA;NA;NA;NA;NA;NA;NA;NA
Paulicéia;NA;NA;NA;NA;NA;NA;NA;NA;NA;NA;NA;NA;NA;NA;NA
Pindorama;NA;NA;NA;NA;NA;NA;NA;NA;NA;NA;NA;NA;NA;NA;NA
Pontal;NA;NA;NA;NA;NA;NA;NA;NA;NA;NA;NA;NA;NA;NA;NA
Promissão;NA;NA;NA;NA;NA;NA;NA;NA;NA;NA;NA;NA;NA;NA;NA
Ribeirão Bonito;NA;NA;NA;NA;NA;NA;NA;NA;NA;NA;NA;NA;NA;NA;NA
Rincão;NA;NA;NA;NA;NA;NA;NA;NA;NA;NA;NA;NA;NA;NA;NA
Rinópolis;NA;NA;NA;NA;NA;NA;NA;NA;NA;NA;NA;NA;NA;NA;NA
Sales Oliveira;NA;NA;NA;NA;NA;NA;NA;NA;NA;NA;NA;NA;NA;NA;NA
Salto;NA;NA;NA;NA;NA;NA;NA;NA;NA;NA;NA;NA;NA;NA;NA
Santa Maria da Serra;NA;NA;NA;NA;NA;NA;NA;NA;NA;NA;NA;NA;NA;NA;NA
Santo Antônio do Aracanguá;NA;NA;NA;NA;NA;NA;NA;NA;NA;NA;NA;NA;NA;NA;NA
São João de Iracema;NA;NA;NA;NA;NA;NA;NA;NA;NA;NA;NA;NA;NA;NA;NA
São João do Pau d'Alho;NA;NA;NA;NA;NA;NA;NA;NA;NA;NA;NA;NA;NA;NA;NA
São José do Barreiro;NA;NA;NA;NA;NA;NA;NA;NA;NA;NA;NA;NA;NA;NA;NA
São Pedro do Turvo;NA;NA;NA;NA;NA;NA;NA;NA;NA;NA;NA;NA;NA;NA;NA
Tabatinga;NA;NA;NA;NA;NA;NA;NA;NA;NA;NA;NA;NA;NA;NA;NA
Tambaú;NA;NA;NA;NA;NA;NA;NA;NA;NA;NA;NA;NA;NA;NA;NA
Tejupá;NA;NA;NA;NA;NA;NA;NA;NA;NA;NA;NA;NA;NA;NA;NA
Trabiju;NA;NA;NA;NA;NA;NA;NA;NA;NA;NA;NA;NA;NA;NA;NA
Uchoa;NA;NA;NA;NA;NA;NA;NA;NA;NA;NA;NA;NA;NA;NA;NA
Vera Cruz;NA;NA;NA;NA;NA;NA;NA;NA;NA;NA;NA;NA;NA;NA;NA
Zacarias;NA;NA;NA;NA;NA;NA;NA;NA;NA;NA;NA;NA;NA;NA;NA
